customer_id,name,email,country
1,Customer 1,customer1@example.com,Canada
2,Customer 2,customer2@example.com,USA
3,Customer 3,customer3@example.com,Canada
4,Customer 4,customer4@example.com,India
5,Customer 5,customer5@example.com,India
6,Customer 6,customer6@example.com,India
7,Customer 7,customer7@example.com,Australia
8,Customer 8,customer8@example.com,Canada
9,Customer 9,customer9@example.com,France
10,Customer 10,customer10@example.com,Germany
11,Customer 11,customer11@example.com,Canada
12,Customer 12,customer12@example.com,Germany
13,Customer 13,customer13@example.com,Germany
14,Customer 14,customer14@example.com,Australia
15,Customer 15,customer15@example.com,Canada
16,Customer 16,customer16@example.com,Australia
17,Customer 17,customer17@example.com,Japan
18,Customer 18,customer18@example.com,Australia
19,Customer 19,customer19@example.com,USA
20,Customer 20,customer20@example.com,India
21,Customer 21,customer21@example.com,France
22,Customer 22,customer22@example.com,India
23,Customer 23,customer23@example.com,France
24,Customer 24,customer24@example.com,USA
25,Customer 25,customer25@example.com,UK
26,Customer 26,customer26@example.com,Japan
27,Customer 27,customer27@example.com,India
28,Customer 28,customer28@example.com,India
29,Customer 29,customer29@example.com,Germany
30,Customer 30,customer30@example.com,UK
31,Customer 31,customer31@example.com,India
32,Customer 32,customer32@example.com,France
33,Customer 33,customer33@example.com,Japan
34,Customer 34,customer34@example.com,Australia
35,Customer 35,customer35@example.com,France
36,Customer 36,customer36@example.com,Canada
37,Customer 37,customer37@example.com,Japan
38,Customer 38,customer38@example.com,Japan
39,Customer 39,customer39@example.com,Japan
40,Customer 40,customer40@example.com,USA
41,Customer 41,customer41@example.com,Australia
42,Customer 42,customer42@example.com,France
43,Customer 43,customer43@example.com,Canada
44,Customer 44,customer44@example.com,Australia
45,Customer 45,customer45@example.com,France
46,Customer 46,customer46@example.com,France
47,Customer 47,customer47@example.com,Canada
48,Customer 48,customer48@example.com,Australia
49,Customer 49,customer49@example.com,France
50,Customer 50,customer50@example.com,Australia
51,Customer 51,customer51@example.com,USA
52,Customer 52,customer52@example.com,Australia
53,Customer 53,customer53@example.com,UK
54,Customer 54,customer54@example.com,Australia
55,Customer 55,customer55@example.com,UK
56,Customer 56,customer56@example.com,Australia
57,Customer 57,customer57@example.com,France
58,Customer 58,customer58@example.com,India
59,Customer 59,customer59@example.com,France
60,Customer 60,customer60@example.com,Australia
61,Customer 61,customer61@example.com,USA
62,Customer 62,customer62@example.com,Australia
63,Customer 63,customer63@example.com,France
64,Customer 64,customer64@example.com,Germany
65,Customer 65,customer65@example.com,India
66,Customer 66,customer66@example.com,Canada
67,Customer 67,customer67@example.com,Germany
68,Customer 68,customer68@example.com,Germany
69,Customer 69,customer69@example.com,France
70,Customer 70,customer70@example.com,France
71,Customer 71,customer71@example.com,Japan
72,Customer 72,customer72@example.com,UK
73,Customer 73,customer73@example.com,Germany
74,Customer 74,customer74@example.com,Germany
75,Customer 75,customer75@example.com,Canada
76,Customer 76,customer76@example.com,USA
77,Customer 77,customer77@example.com,Japan
78,Customer 78,customer78@example.com,India
79,Customer 79,customer79@example.com,UK
80,Customer 80,customer80@example.com,Canada
81,Customer 81,customer81@example.com,Australia
82,Customer 82,customer82@example.com,Canada
83,Customer 83,customer83@example.com,India
84,Customer 84,customer84@example.com,Japan
85,Customer 85,customer85@example.com,Japan
86,Customer 86,customer86@example.com,USA
87,Customer 87,customer87@example.com,Germany
88,Customer 88,customer88@example.com,USA
89,Customer 89,customer89@example.com,UK
90,Customer 90,customer90@example.com,Australia
91,Customer 91,customer91@example.com,USA
92,Customer 92,customer92@example.com,Germany
93,Customer 93,customer93@example.com,Japan
94,Customer 94,customer94@example.com,Canada
95,Customer 95,customer95@example.com,India
96,Customer 96,customer96@example.com,India
97,Customer 97,customer97@example.com,USA
98,Customer 98,customer98@example.com,Australia
99,Customer 99,customer99@example.com,UK
100,Customer 100,customer100@example.com,Japan
101,Customer 101,customer101@example.com,France
102,Customer 102,customer102@example.com,UK
103,Customer 103,customer103@example.com,India
104,Customer 104,customer104@example.com,Australia
105,Customer 105,customer105@example.com,Japan
106,Customer 106,customer106@example.com,France
107,Customer 107,customer107@example.com,Canada
108,Customer 108,customer108@example.com,Australia
109,Customer 109,customer109@example.com,France
110,Customer 110,customer110@example.com,Japan
111,Customer 111,customer111@example.com,USA
112,Customer 112,customer112@example.com,India
113,Customer 113,customer113@example.com,USA
114,Customer 114,customer114@example.com,France
115,Customer 115,customer115@example.com,India
116,Customer 116,customer116@example.com,Australia
117,Customer 117,customer117@example.com,UK
118,Customer 118,customer118@example.com,India
119,Customer 119,customer119@example.com,Canada
120,Customer 120,customer120@example.com,Australia
121,Customer 121,customer121@example.com,UK
122,Customer 122,customer122@example.com,UK
123,Customer 123,customer123@example.com,Canada
124,Customer 124,customer124@example.com,UK
125,Customer 125,customer125@example.com,Canada
126,Customer 126,customer126@example.com,France
127,Customer 127,customer127@example.com,Canada
128,Customer 128,customer128@example.com,Canada
129,Customer 129,customer129@example.com,India
130,Customer 130,customer130@example.com,Germany
131,Customer 131,customer131@example.com,India
132,Customer 132,customer132@example.com,Canada
133,Customer 133,customer133@example.com,India
134,Customer 134,customer134@example.com,Australia
135,Customer 135,customer135@example.com,Germany
136,Customer 136,customer136@example.com,UK
137,Customer 137,customer137@example.com,India
138,Customer 138,customer138@example.com,France
139,Customer 139,customer139@example.com,India
140,Customer 140,customer140@example.com,France
141,Customer 141,customer141@example.com,Canada
142,Customer 142,customer142@example.com,Germany
143,Customer 143,customer143@example.com,USA
144,Customer 144,customer144@example.com,France
145,Customer 145,customer145@example.com,Japan
146,Customer 146,customer146@example.com,India
147,Customer 147,customer147@example.com,France
148,Customer 148,customer148@example.com,Australia
149,Customer 149,customer149@example.com,Germany
150,Customer 150,customer150@example.com,Australia
151,Customer 151,customer151@example.com,India
152,Customer 152,customer152@example.com,India
153,Customer 153,customer153@example.com,UK
154,Customer 154,customer154@example.com,Germany
155,Customer 155,customer155@example.com,USA
156,Customer 156,customer156@example.com,India
157,Customer 157,customer157@example.com,USA
158,Customer 158,customer158@example.com,UK
159,Customer 159,customer159@example.com,Canada
160,Customer 160,customer160@example.com,Australia
161,Customer 161,customer161@example.com,India
162,Customer 162,customer162@example.com,USA
163,Customer 163,customer163@example.com,Australia
164,Customer 164,customer164@example.com,UK
165,Customer 165,customer165@example.com,USA
166,Customer 166,customer166@example.com,USA
167,Customer 167,customer167@example.com,France
168,Customer 168,customer168@example.com,USA
169,Customer 169,customer169@example.com,USA
170,Customer 170,customer170@example.com,UK
171,Customer 171,customer171@example.com,India
172,Customer 172,customer172@example.com,Japan
173,Customer 173,customer173@example.com,UK
174,Customer 174,customer174@example.com,Japan
175,Customer 175,customer175@example.com,UK
176,Customer 176,customer176@example.com,France
177,Customer 177,customer177@example.com,UK
178,Customer 178,customer178@example.com,Japan
179,Customer 179,customer179@example.com,Canada
180,Customer 180,customer180@example.com,Japan
181,Customer 181,customer181@example.com,Japan
182,Customer 182,customer182@example.com,UK
183,Customer 183,customer183@example.com,Australia
184,Customer 184,customer184@example.com,Germany
185,Customer 185,customer185@example.com,Germany
186,Customer 186,customer186@example.com,Canada
187,Customer 187,customer187@example.com,France
188,Customer 188,customer188@example.com,Japan
189,Customer 189,customer189@example.com,Australia
190,Customer 190,customer190@example.com,France
191,Customer 191,customer191@example.com,India
192,Customer 192,customer192@example.com,Australia
193,Customer 193,customer193@example.com,India
194,Customer 194,customer194@example.com,USA
195,Customer 195,customer195@example.com,Japan
196,Customer 196,customer196@example.com,Canada
197,Customer 197,customer197@example.com,UK
198,Customer 198,customer198@example.com,Germany
199,Customer 199,customer199@example.com,Germany
200,Customer 200,customer200@example.com,India
201,Customer 201,customer201@example.com,UK
202,Customer 202,customer202@example.com,Canada
203,Customer 203,customer203@example.com,France
204,Customer 204,customer204@example.com,Australia
205,Customer 205,customer205@example.com,Canada
206,Customer 206,customer206@example.com,UK
207,Customer 207,customer207@example.com,USA
208,Customer 208,customer208@example.com,USA
209,Customer 209,customer209@example.com,Canada
210,Customer 210,customer210@example.com,USA
211,Customer 211,customer211@example.com,India
212,Customer 212,customer212@example.com,India
213,Customer 213,customer213@example.com,Germany
214,Customer 214,customer214@example.com,Japan
215,Customer 215,customer215@example.com,UK
216,Customer 216,customer216@example.com,France
217,Customer 217,customer217@example.com,India
218,Customer 218,customer218@example.com,UK
219,Customer 219,customer219@example.com,Germany
220,Customer 220,customer220@example.com,France
221,Customer 221,customer221@example.com,Japan
222,Customer 222,customer222@example.com,France
223,Customer 223,customer223@example.com,USA
224,Customer 224,customer224@example.com,France
225,Customer 225,customer225@example.com,India
226,Customer 226,customer226@example.com,Australia
227,Customer 227,customer227@example.com,UK
228,Customer 228,customer228@example.com,Japan
229,Customer 229,customer229@example.com,India
230,Customer 230,customer230@example.com,USA
231,Customer 231,customer231@example.com,Canada
232,Customer 232,customer232@example.com,UK
233,Customer 233,customer233@example.com,France
234,Customer 234,customer234@example.com,Australia
235,Customer 235,customer235@example.com,France
236,Customer 236,customer236@example.com,Australia
237,Customer 237,customer237@example.com,Japan
238,Customer 238,customer238@example.com,Canada
239,Customer 239,customer239@example.com,Germany
240,Customer 240,customer240@example.com,UK
241,Customer 241,customer241@example.com,India
242,Customer 242,customer242@example.com,Canada
243,Customer 243,customer243@example.com,France
244,Customer 244,customer244@example.com,France
245,Customer 245,customer245@example.com,Canada
246,Customer 246,customer246@example.com,USA
247,Customer 247,customer247@example.com,Japan
248,Customer 248,customer248@example.com,Canada
249,Customer 249,customer249@example.com,USA
250,Customer 250,customer250@example.com,Japan
251,Customer 251,customer251@example.com,India
252,Customer 252,customer252@example.com,Australia
253,Customer 253,customer253@example.com,India
254,Customer 254,customer254@example.com,India
255,Customer 255,customer255@example.com,Canada
256,Customer 256,customer256@example.com,UK
257,Customer 257,customer257@example.com,UK
258,Customer 258,customer258@example.com,India
259,Customer 259,customer259@example.com,Canada
260,Customer 260,customer260@example.com,UK
261,Customer 261,customer261@example.com,France
262,Customer 262,customer262@example.com,Australia
263,Customer 263,customer263@example.com,Canada
264,Customer 264,customer264@example.com,Germany
265,Customer 265,customer265@example.com,Germany
266,Customer 266,customer266@example.com,USA
267,Customer 267,customer267@example.com,Australia
268,Customer 268,customer268@example.com,Australia
269,Customer 269,customer269@example.com,India
270,Customer 270,customer270@example.com,Australia
271,Customer 271,customer271@example.com,Canada
272,Customer 272,customer272@example.com,Canada
273,Customer 273,customer273@example.com,France
274,Customer 274,customer274@example.com,India
275,Customer 275,customer275@example.com,Australia
276,Customer 276,customer276@example.com,Japan
277,Customer 277,customer277@example.com,Japan
278,Customer 278,customer278@example.com,Japan
279,Customer 279,customer279@example.com,France
280,Customer 280,customer280@example.com,Canada
281,Customer 281,customer281@example.com,USA
282,Customer 282,customer282@example.com,Canada
283,Customer 283,customer283@example.com,Japan
284,Customer 284,customer284@example.com,Germany
285,Customer 285,customer285@example.com,France
286,Customer 286,customer286@example.com,India
287,Customer 287,customer287@example.com,India
288,Customer 288,customer288@example.com,Germany
289,Customer 289,customer289@example.com,Australia
290,Customer 290,customer290@example.com,Germany
291,Customer 291,customer291@example.com,France
292,Customer 292,customer292@example.com,USA
293,Customer 293,customer293@example.com,Japan
294,Customer 294,customer294@example.com,India
295,Customer 295,customer295@example.com,India
296,Customer 296,customer296@example.com,Australia
297,Customer 297,customer297@example.com,Canada
298,Customer 298,customer298@example.com,USA
299,Customer 299,customer299@example.com,UK
300,Customer 300,customer300@example.com,Japan
301,Customer 301,customer301@example.com,Australia
302,Customer 302,customer302@example.com,UK
303,Customer 303,customer303@example.com,USA
304,Customer 304,customer304@example.com,Canada
305,Customer 305,customer305@example.com,Canada
306,Customer 306,customer306@example.com,Australia
307,Customer 307,customer307@example.com,UK
308,Customer 308,customer308@example.com,Australia
309,Customer 309,customer309@example.com,Japan
310,Customer 310,customer310@example.com,USA
311,Customer 311,customer311@example.com,Japan
312,Customer 312,customer312@example.com,France
313,Customer 313,customer313@example.com,India
314,Customer 314,customer314@example.com,Germany
315,Customer 315,customer315@example.com,Canada
316,Customer 316,customer316@example.com,Canada
317,Customer 317,customer317@example.com,France
318,Customer 318,customer318@example.com,Germany
319,Customer 319,customer319@example.com,USA
320,Customer 320,customer320@example.com,Canada
321,Customer 321,customer321@example.com,India
322,Customer 322,customer322@example.com,USA
323,Customer 323,customer323@example.com,UK
324,Customer 324,customer324@example.com,Canada
325,Customer 325,customer325@example.com,France
326,Customer 326,customer326@example.com,Canada
327,Customer 327,customer327@example.com,Germany
328,Customer 328,customer328@example.com,UK
329,Customer 329,customer329@example.com,Japan
330,Customer 330,customer330@example.com,France
331,Customer 331,customer331@example.com,Germany
332,Customer 332,customer332@example.com,Australia
333,Customer 333,customer333@example.com,France
334,Customer 334,customer334@example.com,France
335,Customer 335,customer335@example.com,Canada
336,Customer 336,customer336@example.com,Australia
337,Customer 337,customer337@example.com,Japan
338,Customer 338,customer338@example.com,USA
339,Customer 339,customer339@example.com,Germany
340,Customer 340,customer340@example.com,Germany
341,Customer 341,customer341@example.com,Australia
342,Customer 342,customer342@example.com,Australia
343,Customer 343,customer343@example.com,USA
344,Customer 344,customer344@example.com,Germany
345,Customer 345,customer345@example.com,France
346,Customer 346,customer346@example.com,USA
347,Customer 347,customer347@example.com,USA
348,Customer 348,customer348@example.com,UK
349,Customer 349,customer349@example.com,France
350,Customer 350,customer350@example.com,India
351,Customer 351,customer351@example.com,Japan
352,Customer 352,customer352@example.com,Japan
353,Customer 353,customer353@example.com,India
354,Customer 354,customer354@example.com,Canada
355,Customer 355,customer355@example.com,Canada
356,Customer 356,customer356@example.com,Australia
357,Customer 357,customer357@example.com,France
358,Customer 358,customer358@example.com,Germany
359,Customer 359,customer359@example.com,France
360,Customer 360,customer360@example.com,Canada
361,Customer 361,customer361@example.com,USA
362,Customer 362,customer362@example.com,Australia
363,Customer 363,customer363@example.com,France
364,Customer 364,customer364@example.com,Germany
365,Customer 365,customer365@example.com,USA
366,Customer 366,customer366@example.com,USA
367,Customer 367,customer367@example.com,Germany
368,Customer 368,customer368@example.com,Germany
369,Customer 369,customer369@example.com,Canada
370,Customer 370,customer370@example.com,Japan
371,Customer 371,customer371@example.com,Germany
372,Customer 372,customer372@example.com,France
373,Customer 373,customer373@example.com,UK
374,Customer 374,customer374@example.com,Japan
375,Customer 375,customer375@example.com,Germany
376,Customer 376,customer376@example.com,Australia
377,Customer 377,customer377@example.com,Australia
378,Customer 378,customer378@example.com,USA
379,Customer 379,customer379@example.com,USA
380,Customer 380,customer380@example.com,Australia
381,Customer 381,customer381@example.com,Germany
382,Customer 382,customer382@example.com,UK
383,Customer 383,customer383@example.com,Australia
384,Customer 384,customer384@example.com,Australia
385,Customer 385,customer385@example.com,Germany
386,Customer 386,customer386@example.com,UK
387,Customer 387,customer387@example.com,Japan
388,Customer 388,customer388@example.com,Canada
389,Customer 389,customer389@example.com,Australia
390,Customer 390,customer390@example.com,USA
391,Customer 391,customer391@example.com,Canada
392,Customer 392,customer392@example.com,Australia
393,Customer 393,customer393@example.com,India
394,Customer 394,customer394@example.com,India
395,Customer 395,customer395@example.com,Germany
396,Customer 396,customer396@example.com,UK
397,Customer 397,customer397@example.com,Canada
398,Customer 398,customer398@example.com,Canada
399,Customer 399,customer399@example.com,France
400,Customer 400,customer400@example.com,USA
401,Customer 401,customer401@example.com,Australia
402,Customer 402,customer402@example.com,India
403,Customer 403,customer403@example.com,Canada
404,Customer 404,customer404@example.com,Canada
405,Customer 405,customer405@example.com,Australia
406,Customer 406,customer406@example.com,India
407,Customer 407,customer407@example.com,Australia
408,Customer 408,customer408@example.com,Japan
409,Customer 409,customer409@example.com,India
410,Customer 410,customer410@example.com,UK
411,Customer 411,customer411@example.com,Japan
412,Customer 412,customer412@example.com,Germany
413,Customer 413,customer413@example.com,UK
414,Customer 414,customer414@example.com,France
415,Customer 415,customer415@example.com,France
416,Customer 416,customer416@example.com,Canada
417,Customer 417,customer417@example.com,France
418,Customer 418,customer418@example.com,UK
419,Customer 419,customer419@example.com,Germany
420,Customer 420,customer420@example.com,USA
421,Customer 421,customer421@example.com,Germany
422,Customer 422,customer422@example.com,India
423,Customer 423,customer423@example.com,Canada
424,Customer 424,customer424@example.com,Japan
425,Customer 425,customer425@example.com,Germany
426,Customer 426,customer426@example.com,Canada
427,Customer 427,customer427@example.com,USA
428,Customer 428,customer428@example.com,India
429,Customer 429,customer429@example.com,USA
430,Customer 430,customer430@example.com,Germany
431,Customer 431,customer431@example.com,Australia
432,Customer 432,customer432@example.com,UK
433,Customer 433,customer433@example.com,Germany
434,Customer 434,customer434@example.com,Canada
435,Customer 435,customer435@example.com,Japan
436,Customer 436,customer436@example.com,France
437,Customer 437,customer437@example.com,India
438,Customer 438,customer438@example.com,Germany
439,Customer 439,customer439@example.com,Japan
440,Customer 440,customer440@example.com,Australia
441,Customer 441,customer441@example.com,Japan
442,Customer 442,customer442@example.com,Germany
443,Customer 443,customer443@example.com,Germany
444,Customer 444,customer444@example.com,France
445,Customer 445,customer445@example.com,Australia
446,Customer 446,customer446@example.com,Germany
447,Customer 447,customer447@example.com,UK
448,Customer 448,customer448@example.com,Japan
449,Customer 449,customer449@example.com,Japan
450,Customer 450,customer450@example.com,Australia
451,Customer 451,customer451@example.com,Canada
452,Customer 452,customer452@example.com,Canada
453,Customer 453,customer453@example.com,USA
454,Customer 454,customer454@example.com,Australia
455,Customer 455,customer455@example.com,UK
456,Customer 456,customer456@example.com,France
457,Customer 457,customer457@example.com,Japan
458,Customer 458,customer458@example.com,UK
459,Customer 459,customer459@example.com,Germany
460,Customer 460,customer460@example.com,Canada
461,Customer 461,customer461@example.com,India
462,Customer 462,customer462@example.com,Canada
463,Customer 463,customer463@example.com,UK
464,Customer 464,customer464@example.com,UK
465,Customer 465,customer465@example.com,Canada
466,Customer 466,customer466@example.com,UK
467,Customer 467,customer467@example.com,USA
468,Customer 468,customer468@example.com,France
469,Customer 469,customer469@example.com,India
470,Customer 470,customer470@example.com,Canada
471,Customer 471,customer471@example.com,Germany
472,Customer 472,customer472@example.com,USA
473,Customer 473,customer473@example.com,Germany
474,Customer 474,customer474@example.com,Canada
475,Customer 475,customer475@example.com,India
476,Customer 476,customer476@example.com,Canada
477,Customer 477,customer477@example.com,Australia
478,Customer 478,customer478@example.com,Australia
479,Customer 479,customer479@example.com,Germany
480,Customer 480,customer480@example.com,Australia
481,Customer 481,customer481@example.com,Australia
482,Customer 482,customer482@example.com,Australia
483,Customer 483,customer483@example.com,Australia
484,Customer 484,customer484@example.com,Australia
485,Customer 485,customer485@example.com,USA
486,Customer 486,customer486@example.com,Germany
487,Customer 487,customer487@example.com,Japan
488,Customer 488,customer488@example.com,Canada
489,Customer 489,customer489@example.com,France
490,Customer 490,customer490@example.com,India
491,Customer 491,customer491@example.com,UK
492,Customer 492,customer492@example.com,USA
493,Customer 493,customer493@example.com,France
494,Customer 494,customer494@example.com,Japan
495,Customer 495,customer495@example.com,India
496,Customer 496,customer496@example.com,Canada
497,Customer 497,customer497@example.com,Germany
498,Customer 498,customer498@example.com,India
499,Customer 499,customer499@example.com,USA
500,Customer 500,customer500@example.com,France
501,Customer 501,customer501@example.com,Australia
502,Customer 502,customer502@example.com,India
503,Customer 503,customer503@example.com,Canada
504,Customer 504,customer504@example.com,France
505,Customer 505,customer505@example.com,Australia
506,Customer 506,customer506@example.com,USA
507,Customer 507,customer507@example.com,UK
508,Customer 508,customer508@example.com,Germany
509,Customer 509,customer509@example.com,France
510,Customer 510,customer510@example.com,Japan
511,Customer 511,customer511@example.com,UK
512,Customer 512,customer512@example.com,France
513,Customer 513,customer513@example.com,UK
514,Customer 514,customer514@example.com,UK
515,Customer 515,customer515@example.com,UK
516,Customer 516,customer516@example.com,India
517,Customer 517,customer517@example.com,UK
518,Customer 518,customer518@example.com,Canada
519,Customer 519,customer519@example.com,Canada
520,Customer 520,customer520@example.com,Japan
521,Customer 521,customer521@example.com,Australia
522,Customer 522,customer522@example.com,Japan
523,Customer 523,customer523@example.com,Canada
524,Customer 524,customer524@example.com,France
525,Customer 525,customer525@example.com,France
526,Customer 526,customer526@example.com,Germany
527,Customer 527,customer527@example.com,UK
528,Customer 528,customer528@example.com,Japan
529,Customer 529,customer529@example.com,USA
530,Customer 530,customer530@example.com,USA
531,Customer 531,customer531@example.com,France
532,Customer 532,customer532@example.com,UK
533,Customer 533,customer533@example.com,UK
534,Customer 534,customer534@example.com,USA
535,Customer 535,customer535@example.com,UK
536,Customer 536,customer536@example.com,Canada
537,Customer 537,customer537@example.com,India
538,Customer 538,customer538@example.com,UK
539,Customer 539,customer539@example.com,USA
540,Customer 540,customer540@example.com,Germany
541,Customer 541,customer541@example.com,UK
542,Customer 542,customer542@example.com,France
543,Customer 543,customer543@example.com,USA
544,Customer 544,customer544@example.com,Germany
545,Customer 545,customer545@example.com,Japan
546,Customer 546,customer546@example.com,Australia
547,Customer 547,customer547@example.com,Canada
548,Customer 548,customer548@example.com,Japan
549,Customer 549,customer549@example.com,France
550,Customer 550,customer550@example.com,India
551,Customer 551,customer551@example.com,USA
552,Customer 552,customer552@example.com,Germany
553,Customer 553,customer553@example.com,India
554,Customer 554,customer554@example.com,UK
555,Customer 555,customer555@example.com,Japan
556,Customer 556,customer556@example.com,Japan
557,Customer 557,customer557@example.com,Canada
558,Customer 558,customer558@example.com,Germany
559,Customer 559,customer559@example.com,Japan
560,Customer 560,customer560@example.com,France
561,Customer 561,customer561@example.com,Germany
562,Customer 562,customer562@example.com,Australia
563,Customer 563,customer563@example.com,USA
564,Customer 564,customer564@example.com,France
565,Customer 565,customer565@example.com,Australia
566,Customer 566,customer566@example.com,USA
567,Customer 567,customer567@example.com,Australia
568,Customer 568,customer568@example.com,USA
569,Customer 569,customer569@example.com,India
570,Customer 570,customer570@example.com,Australia
571,Customer 571,customer571@example.com,Canada
572,Customer 572,customer572@example.com,Japan
573,Customer 573,customer573@example.com,Canada
574,Customer 574,customer574@example.com,USA
575,Customer 575,customer575@example.com,UK
576,Customer 576,customer576@example.com,India
577,Customer 577,customer577@example.com,Australia
578,Customer 578,customer578@example.com,Canada
579,Customer 579,customer579@example.com,Germany
580,Customer 580,customer580@example.com,India
581,Customer 581,customer581@example.com,Japan
582,Customer 582,customer582@example.com,Germany
583,Customer 583,customer583@example.com,Australia
584,Customer 584,customer584@example.com,Japan
585,Customer 585,customer585@example.com,India
586,Customer 586,customer586@example.com,India
587,Customer 587,customer587@example.com,India
588,Customer 588,customer588@example.com,Japan
589,Customer 589,customer589@example.com,Australia
590,Customer 590,customer590@example.com,France
591,Customer 591,customer591@example.com,UK
592,Customer 592,customer592@example.com,France
593,Customer 593,customer593@example.com,France
594,Customer 594,customer594@example.com,Canada
595,Customer 595,customer595@example.com,Australia
596,Customer 596,customer596@example.com,Canada
597,Customer 597,customer597@example.com,Japan
598,Customer 598,customer598@example.com,Germany
599,Customer 599,customer599@example.com,Australia
600,Customer 600,customer600@example.com,India
601,Customer 601,customer601@example.com,France
602,Customer 602,customer602@example.com,Germany
603,Customer 603,customer603@example.com,Germany
604,Customer 604,customer604@example.com,India
605,Customer 605,customer605@example.com,India
606,Customer 606,customer606@example.com,Australia
607,Customer 607,customer607@example.com,India
608,Customer 608,customer608@example.com,France
609,Customer 609,customer609@example.com,Germany
610,Customer 610,customer610@example.com,India
611,Customer 611,customer611@example.com,Australia
612,Customer 612,customer612@example.com,Australia
613,Customer 613,customer613@example.com,Canada
614,Customer 614,customer614@example.com,UK
615,Customer 615,customer615@example.com,Germany
616,Customer 616,customer616@example.com,Canada
617,Customer 617,customer617@example.com,Germany
618,Customer 618,customer618@example.com,UK
619,Customer 619,customer619@example.com,Japan
620,Customer 620,customer620@example.com,Australia
621,Customer 621,customer621@example.com,UK
622,Customer 622,customer622@example.com,UK
623,Customer 623,customer623@example.com,USA
624,Customer 624,customer624@example.com,India
625,Customer 625,customer625@example.com,France
626,Customer 626,customer626@example.com,India
627,Customer 627,customer627@example.com,UK
628,Customer 628,customer628@example.com,Germany
629,Customer 629,customer629@example.com,Canada
630,Customer 630,customer630@example.com,Japan
631,Customer 631,customer631@example.com,India
632,Customer 632,customer632@example.com,Germany
633,Customer 633,customer633@example.com,USA
634,Customer 634,customer634@example.com,India
635,Customer 635,customer635@example.com,Japan
636,Customer 636,customer636@example.com,Japan
637,Customer 637,customer637@example.com,UK
638,Customer 638,customer638@example.com,USA
639,Customer 639,customer639@example.com,Canada
640,Customer 640,customer640@example.com,USA
641,Customer 641,customer641@example.com,UK
642,Customer 642,customer642@example.com,Japan
643,Customer 643,customer643@example.com,Australia
644,Customer 644,customer644@example.com,UK
645,Customer 645,customer645@example.com,Germany
646,Customer 646,customer646@example.com,Japan
647,Customer 647,customer647@example.com,France
648,Customer 648,customer648@example.com,Canada
649,Customer 649,customer649@example.com,Japan
650,Customer 650,customer650@example.com,USA
651,Customer 651,customer651@example.com,UK
652,Customer 652,customer652@example.com,India
653,Customer 653,customer653@example.com,Canada
654,Customer 654,customer654@example.com,UK
655,Customer 655,customer655@example.com,USA
656,Customer 656,customer656@example.com,India
657,Customer 657,customer657@example.com,USA
658,Customer 658,customer658@example.com,Japan
659,Customer 659,customer659@example.com,Germany
660,Customer 660,customer660@example.com,USA
661,Customer 661,customer661@example.com,France
662,Customer 662,customer662@example.com,UK
663,Customer 663,customer663@example.com,Japan
664,Customer 664,customer664@example.com,UK
665,Customer 665,customer665@example.com,USA
666,Customer 666,customer666@example.com,India
667,Customer 667,customer667@example.com,France
668,Customer 668,customer668@example.com,India
669,Customer 669,customer669@example.com,Canada
670,Customer 670,customer670@example.com,India
671,Customer 671,customer671@example.com,France
672,Customer 672,customer672@example.com,Japan
673,Customer 673,customer673@example.com,France
674,Customer 674,customer674@example.com,Germany
675,Customer 675,customer675@example.com,India
676,Customer 676,customer676@example.com,France
677,Customer 677,customer677@example.com,India
678,Customer 678,customer678@example.com,UK
679,Customer 679,customer679@example.com,Canada
680,Customer 680,customer680@example.com,Canada
681,Customer 681,customer681@example.com,France
682,Customer 682,customer682@example.com,UK
683,Customer 683,customer683@example.com,India
684,Customer 684,customer684@example.com,France
685,Customer 685,customer685@example.com,India
686,Customer 686,customer686@example.com,Japan
687,Customer 687,customer687@example.com,Australia
688,Customer 688,customer688@example.com,Germany
689,Customer 689,customer689@example.com,Germany
690,Customer 690,customer690@example.com,Canada
691,Customer 691,customer691@example.com,Australia
692,Customer 692,customer692@example.com,USA
693,Customer 693,customer693@example.com,Japan
694,Customer 694,customer694@example.com,Canada
695,Customer 695,customer695@example.com,India
696,Customer 696,customer696@example.com,USA
697,Customer 697,customer697@example.com,India
698,Customer 698,customer698@example.com,France
699,Customer 699,customer699@example.com,India
700,Customer 700,customer700@example.com,Australia
701,Customer 701,customer701@example.com,India
702,Customer 702,customer702@example.com,Japan
703,Customer 703,customer703@example.com,USA
704,Customer 704,customer704@example.com,Germany
705,Customer 705,customer705@example.com,Japan
706,Customer 706,customer706@example.com,Germany
707,Customer 707,customer707@example.com,UK
708,Customer 708,customer708@example.com,India
709,Customer 709,customer709@example.com,Germany
710,Customer 710,customer710@example.com,Japan
711,Customer 711,customer711@example.com,Japan
712,Customer 712,customer712@example.com,Canada
713,Customer 713,customer713@example.com,UK
714,Customer 714,customer714@example.com,Canada
715,Customer 715,customer715@example.com,Japan
716,Customer 716,customer716@example.com,France
717,Customer 717,customer717@example.com,UK
718,Customer 718,customer718@example.com,Japan
719,Customer 719,customer719@example.com,India
720,Customer 720,customer720@example.com,UK
721,Customer 721,customer721@example.com,Canada
722,Customer 722,customer722@example.com,Germany
723,Customer 723,customer723@example.com,UK
724,Customer 724,customer724@example.com,UK
725,Customer 725,customer725@example.com,USA
726,Customer 726,customer726@example.com,Japan
727,Customer 727,customer727@example.com,Australia
728,Customer 728,customer728@example.com,Canada
729,Customer 729,customer729@example.com,UK
730,Customer 730,customer730@example.com,Germany
731,Customer 731,customer731@example.com,India
732,Customer 732,customer732@example.com,USA
733,Customer 733,customer733@example.com,Australia
734,Customer 734,customer734@example.com,Australia
735,Customer 735,customer735@example.com,Japan
736,Customer 736,customer736@example.com,Japan
737,Customer 737,customer737@example.com,Germany
738,Customer 738,customer738@example.com,Germany
739,Customer 739,customer739@example.com,India
740,Customer 740,customer740@example.com,Germany
741,Customer 741,customer741@example.com,UK
742,Customer 742,customer742@example.com,India
743,Customer 743,customer743@example.com,Australia
744,Customer 744,customer744@example.com,France
745,Customer 745,customer745@example.com,France
746,Customer 746,customer746@example.com,UK
747,Customer 747,customer747@example.com,Germany
748,Customer 748,customer748@example.com,India
749,Customer 749,customer749@example.com,Australia
750,Customer 750,customer750@example.com,India
751,Customer 751,customer751@example.com,Japan
752,Customer 752,customer752@example.com,India
753,Customer 753,customer753@example.com,France
754,Customer 754,customer754@example.com,USA
755,Customer 755,customer755@example.com,Canada
756,Customer 756,customer756@example.com,Japan
757,Customer 757,customer757@example.com,UK
758,Customer 758,customer758@example.com,USA
759,Customer 759,customer759@example.com,France
760,Customer 760,customer760@example.com,France
761,Customer 761,customer761@example.com,Australia
762,Customer 762,customer762@example.com,Canada
763,Customer 763,customer763@example.com,France
764,Customer 764,customer764@example.com,Germany
765,Customer 765,customer765@example.com,USA
766,Customer 766,customer766@example.com,France
767,Customer 767,customer767@example.com,India
768,Customer 768,customer768@example.com,France
769,Customer 769,customer769@example.com,Australia
770,Customer 770,customer770@example.com,Canada
771,Customer 771,customer771@example.com,Australia
772,Customer 772,customer772@example.com,India
773,Customer 773,customer773@example.com,UK
774,Customer 774,customer774@example.com,India
775,Customer 775,customer775@example.com,France
776,Customer 776,customer776@example.com,UK
777,Customer 777,customer777@example.com,India
778,Customer 778,customer778@example.com,India
779,Customer 779,customer779@example.com,Australia
780,Customer 780,customer780@example.com,Japan
781,Customer 781,customer781@example.com,UK
782,Customer 782,customer782@example.com,Germany
783,Customer 783,customer783@example.com,India
784,Customer 784,customer784@example.com,Germany
785,Customer 785,customer785@example.com,France
786,Customer 786,customer786@example.com,UK
787,Customer 787,customer787@example.com,Japan
788,Customer 788,customer788@example.com,France
789,Customer 789,customer789@example.com,France
790,Customer 790,customer790@example.com,USA
791,Customer 791,customer791@example.com,France
792,Customer 792,customer792@example.com,India
793,Customer 793,customer793@example.com,Canada
794,Customer 794,customer794@example.com,USA
795,Customer 795,customer795@example.com,USA
796,Customer 796,customer796@example.com,UK
797,Customer 797,customer797@example.com,USA
798,Customer 798,customer798@example.com,Canada
799,Customer 799,customer799@example.com,Germany
800,Customer 800,customer800@example.com,Canada
801,Customer 801,customer801@example.com,Australia
802,Customer 802,customer802@example.com,Germany
803,Customer 803,customer803@example.com,Japan
804,Customer 804,customer804@example.com,Japan
805,Customer 805,customer805@example.com,Japan
806,Customer 806,customer806@example.com,UK
807,Customer 807,customer807@example.com,UK
808,Customer 808,customer808@example.com,France
809,Customer 809,customer809@example.com,Germany
810,Customer 810,customer810@example.com,India
811,Customer 811,customer811@example.com,UK
812,Customer 812,customer812@example.com,Germany
813,Customer 813,customer813@example.com,Germany
814,Customer 814,customer814@example.com,Germany
815,Customer 815,customer815@example.com,USA
816,Customer 816,customer816@example.com,France
817,Customer 817,customer817@example.com,India
818,Customer 818,customer818@example.com,Germany
819,Customer 819,customer819@example.com,Canada
820,Customer 820,customer820@example.com,Japan
821,Customer 821,customer821@example.com,Japan
822,Customer 822,customer822@example.com,Australia
823,Customer 823,customer823@example.com,Japan
824,Customer 824,customer824@example.com,UK
825,Customer 825,customer825@example.com,Germany
826,Customer 826,customer826@example.com,Australia
827,Customer 827,customer827@example.com,UK
828,Customer 828,customer828@example.com,Japan
829,Customer 829,customer829@example.com,France
830,Customer 830,customer830@example.com,USA
831,Customer 831,customer831@example.com,Australia
832,Customer 832,customer832@example.com,France
833,Customer 833,customer833@example.com,Japan
834,Customer 834,customer834@example.com,UK
835,Customer 835,customer835@example.com,Germany
836,Customer 836,customer836@example.com,France
837,Customer 837,customer837@example.com,India
838,Customer 838,customer838@example.com,Canada
839,Customer 839,customer839@example.com,USA
840,Customer 840,customer840@example.com,UK
841,Customer 841,customer841@example.com,USA
842,Customer 842,customer842@example.com,Germany
843,Customer 843,customer843@example.com,France
844,Customer 844,customer844@example.com,India
845,Customer 845,customer845@example.com,UK
846,Customer 846,customer846@example.com,France
847,Customer 847,customer847@example.com,Germany
848,Customer 848,customer848@example.com,France
849,Customer 849,customer849@example.com,Canada
850,Customer 850,customer850@example.com,Australia
851,Customer 851,customer851@example.com,USA
852,Customer 852,customer852@example.com,Germany
853,Customer 853,customer853@example.com,UK
854,Customer 854,customer854@example.com,USA
855,Customer 855,customer855@example.com,Japan
856,Customer 856,customer856@example.com,USA
857,Customer 857,customer857@example.com,Germany
858,Customer 858,customer858@example.com,France
859,Customer 859,customer859@example.com,Japan
860,Customer 860,customer860@example.com,India
861,Customer 861,customer861@example.com,Australia
862,Customer 862,customer862@example.com,USA
863,Customer 863,customer863@example.com,Japan
864,Customer 864,customer864@example.com,Australia
865,Customer 865,customer865@example.com,Japan
866,Customer 866,customer866@example.com,Germany
867,Customer 867,customer867@example.com,France
868,Customer 868,customer868@example.com,USA
869,Customer 869,customer869@example.com,USA
870,Customer 870,customer870@example.com,Canada
871,Customer 871,customer871@example.com,UK
872,Customer 872,customer872@example.com,Canada
873,Customer 873,customer873@example.com,India
874,Customer 874,customer874@example.com,Japan
875,Customer 875,customer875@example.com,Germany
876,Customer 876,customer876@example.com,Canada
877,Customer 877,customer877@example.com,India
878,Customer 878,customer878@example.com,Canada
879,Customer 879,customer879@example.com,Japan
880,Customer 880,customer880@example.com,Australia
881,Customer 881,customer881@example.com,France
882,Customer 882,customer882@example.com,France
883,Customer 883,customer883@example.com,France
884,Customer 884,customer884@example.com,France
885,Customer 885,customer885@example.com,India
886,Customer 886,customer886@example.com,Germany
887,Customer 887,customer887@example.com,USA
888,Customer 888,customer888@example.com,Germany
889,Customer 889,customer889@example.com,Canada
890,Customer 890,customer890@example.com,Germany
891,Customer 891,customer891@example.com,Australia
892,Customer 892,customer892@example.com,France
893,Customer 893,customer893@example.com,Australia
894,Customer 894,customer894@example.com,Germany
895,Customer 895,customer895@example.com,UK
896,Customer 896,customer896@example.com,India
897,Customer 897,customer897@example.com,USA
898,Customer 898,customer898@example.com,Japan
899,Customer 899,customer899@example.com,Australia
900,Customer 900,customer900@example.com,Australia
901,Customer 901,customer901@example.com,Germany
902,Customer 902,customer902@example.com,UK
903,Customer 903,customer903@example.com,Japan
904,Customer 904,customer904@example.com,France
905,Customer 905,customer905@example.com,Canada
906,Customer 906,customer906@example.com,USA
907,Customer 907,customer907@example.com,Australia
908,Customer 908,customer908@example.com,UK
909,Customer 909,customer909@example.com,India
910,Customer 910,customer910@example.com,Germany
911,Customer 911,customer911@example.com,India
912,Customer 912,customer912@example.com,Japan
913,Customer 913,customer913@example.com,USA
914,Customer 914,customer914@example.com,USA
915,Customer 915,customer915@example.com,UK
916,Customer 916,customer916@example.com,USA
917,Customer 917,customer917@example.com,Canada
918,Customer 918,customer918@example.com,India
919,Customer 919,customer919@example.com,Canada
920,Customer 920,customer920@example.com,France
921,Customer 921,customer921@example.com,UK
922,Customer 922,customer922@example.com,Canada
923,Customer 923,customer923@example.com,France
924,Customer 924,customer924@example.com,France
925,Customer 925,customer925@example.com,India
926,Customer 926,customer926@example.com,Germany
927,Customer 927,customer927@example.com,France
928,Customer 928,customer928@example.com,Germany
929,Customer 929,customer929@example.com,UK
930,Customer 930,customer930@example.com,Australia
931,Customer 931,customer931@example.com,UK
932,Customer 932,customer932@example.com,Canada
933,Customer 933,customer933@example.com,Australia
934,Customer 934,customer934@example.com,Japan
935,Customer 935,customer935@example.com,India
936,Customer 936,customer936@example.com,France
937,Customer 937,customer937@example.com,France
938,Customer 938,customer938@example.com,India
939,Customer 939,customer939@example.com,India
940,Customer 940,customer940@example.com,UK
941,Customer 941,customer941@example.com,Canada
942,Customer 942,customer942@example.com,Germany
943,Customer 943,customer943@example.com,Germany
944,Customer 944,customer944@example.com,Canada
945,Customer 945,customer945@example.com,Germany
946,Customer 946,customer946@example.com,USA
947,Customer 947,customer947@example.com,USA
948,Customer 948,customer948@example.com,Japan
949,Customer 949,customer949@example.com,UK
950,Customer 950,customer950@example.com,Japan
951,Customer 951,customer951@example.com,Japan
952,Customer 952,customer952@example.com,UK
953,Customer 953,customer953@example.com,Germany
954,Customer 954,customer954@example.com,Canada
955,Customer 955,customer955@example.com,Japan
956,Customer 956,customer956@example.com,Canada
957,Customer 957,customer957@example.com,Australia
958,Customer 958,customer958@example.com,France
959,Customer 959,customer959@example.com,USA
960,Customer 960,customer960@example.com,USA
961,Customer 961,customer961@example.com,USA
962,Customer 962,customer962@example.com,Germany
963,Customer 963,customer963@example.com,Japan
964,Customer 964,customer964@example.com,Canada
965,Customer 965,customer965@example.com,France
966,Customer 966,customer966@example.com,USA
967,Customer 967,customer967@example.com,Germany
968,Customer 968,customer968@example.com,France
969,Customer 969,customer969@example.com,UK
970,Customer 970,customer970@example.com,Germany
971,Customer 971,customer971@example.com,Japan
972,Customer 972,customer972@example.com,Australia
973,Customer 973,customer973@example.com,Japan
974,Customer 974,customer974@example.com,India
975,Customer 975,customer975@example.com,India
976,Customer 976,customer976@example.com,Japan
977,Customer 977,customer977@example.com,UK
978,Customer 978,customer978@example.com,USA
979,Customer 979,customer979@example.com,India
980,Customer 980,customer980@example.com,Japan
981,Customer 981,customer981@example.com,Japan
982,Customer 982,customer982@example.com,India
983,Customer 983,customer983@example.com,India
984,Customer 984,customer984@example.com,USA
985,Customer 985,customer985@example.com,UK
986,Customer 986,customer986@example.com,Japan
987,Customer 987,customer987@example.com,India
988,Customer 988,customer988@example.com,Canada
989,Customer 989,customer989@example.com,Canada
990,Customer 990,customer990@example.com,India
991,Customer 991,customer991@example.com,Canada
992,Customer 992,customer992@example.com,France
993,Customer 993,customer993@example.com,Australia
994,Customer 994,customer994@example.com,Canada
995,Customer 995,customer995@example.com,Germany
996,Customer 996,customer996@example.com,Japan
997,Customer 997,customer997@example.com,Germany
998,Customer 998,customer998@example.com,Australia
999,Customer 999,customer999@example.com,Australia
1000,Customer 1000,customer1000@example.com,France
