order_id,customer_id,product_id,payment_id,order_date,quantity,total_amount
1,1,1,1,2025-08-19 07:35:08.364172,5,144.76
2,2,2,2,2026-03-11 07:35:08.364262,1,360.85
3,3,3,3,2025-12-08 07:35:08.364480,5,57.39
4,4,4,4,2026-06-21 07:35:08.364521,2,355.24
5,5,5,5,2025-10-31 07:35:08.364561,2,338.39
6,6,6,6,2026-04-14 07:35:08.364600,5,1238.04
7,7,7,7,2025-10-06 07:35:08.364636,4,156.84
8,8,8,8,2026-01-17 07:35:08.364679,5,176.78
9,9,9,9,2026-03-19 07:35:08.364719,5,153.82
10,10,10,10,2026-07-22 07:35:08.364757,1,767.26
11,11,11,11,2025-10-23 07:35:08.364799,2,978.42
12,12,12,12,2025-12-12 07:35:08.364836,1,497.62
13,13,13,13,2026-02-12 07:35:08.364873,1,1070.52
14,14,14,14,2025-12-23 07:35:08.364911,3,811.34
15,15,15,15,2025-10-30 07:35:08.364950,4,366.82
16,16,16,16,2026-05-07 07:35:08.364988,4,69.58
17,17,17,17,2026-04-11 07:35:08.365024,1,449.31
18,18,18,18,2025-09-30 07:35:08.365061,1,261.42
19,19,19,19,2025-08-23 07:35:08.365098,3,215.42
20,20,20,20,2025-11-14 07:35:08.365134,3,234.56
21,21,21,21,2026-05-24 07:35:08.365181,3,269.18
22,22,22,22,2026-07-05 07:35:08.365217,1,962.34
23,23,23,23,2026-06-23 07:35:08.365253,2,679.5
24,24,24,24,2025-08-16 07:35:08.365289,2,1351.5
25,25,25,25,2026-05-01 07:35:08.365328,3,976.68
26,26,26,26,2026-04-08 07:35:08.365365,1,356.97
27,27,27,27,2026-03-20 07:35:08.365433,2,1028.88
28,28,28,28,2026-04-25 07:35:08.365484,3,492.28
29,29,29,29,2026-05-29 07:35:08.365525,3,132.87
30,30,30,30,2025-09-19 07:35:08.365563,5,671.64
31,31,31,31,2026-05-06 07:35:08.365601,1,453.32
32,32,32,32,2025-09-22 07:35:08.365642,1,164.4
33,33,33,33,2025-12-26 07:35:08.365682,2,331.47
34,34,34,34,2025-09-21 07:35:08.365720,5,674.22
35,35,35,35,2025-12-18 07:35:08.365758,1,437.64
36,36,36,36,2025-12-31 07:35:08.365794,4,246.64
37,37,37,37,2026-03-01 07:35:08.365833,4,39.14
38,38,38,38,2026-05-27 07:35:08.365870,5,601.62
39,39,39,39,2025-12-11 07:35:08.365912,3,198.1
40,40,40,40,2025-09-01 07:35:08.365949,1,499.95
41,41,41,41,2026-05-07 07:35:08.365987,5,1423.2
42,42,42,42,2026-04-21 07:35:08.366027,1,1364.79
43,43,43,43,2025-11-14 07:35:08.366064,3,180.13
44,44,44,44,2025-11-26 07:35:08.366103,4,192.62
45,45,45,45,2026-02-15 07:35:08.366142,2,755.46
46,46,46,46,2026-01-04 07:35:08.366178,4,789.45
47,47,47,47,2026-01-24 07:35:08.366215,4,624.48
48,48,48,48,2026-05-31 07:35:08.366250,5,399.57
49,49,49,49,2025-08-03 07:35:08.366289,5,155.16
50,50,50,50,2026-04-28 07:35:08.366325,1,582.58
51,51,51,51,2026-06-01 07:35:08.366437,5,814.92
52,52,52,52,2026-07-01 07:35:08.366473,5,1294.44
53,53,53,53,2025-08-13 07:35:08.366510,5,560.96
54,54,54,54,2025-10-03 07:35:08.366548,2,248.76
55,55,55,55,2026-03-06 07:35:08.366586,4,91.3
56,56,56,56,2026-03-25 07:35:08.366623,1,303.04
57,57,57,57,2025-12-17 07:35:08.366661,3,383.92
58,58,58,58,2026-01-02 07:35:08.366697,4,334.64
59,59,59,59,2025-08-29 07:35:08.366733,5,970.78
60,60,60,60,2025-08-08 07:35:08.366773,4,140.86
61,61,61,61,2025-09-03 07:35:08.366812,2,111.34
62,62,62,62,2025-11-13 07:35:08.366848,2,280.12
63,63,63,63,2025-10-29 07:35:08.366884,4,588.32
64,64,64,64,2025-12-01 07:35:08.366920,4,395.32
65,65,65,65,2026-01-03 07:35:08.366958,2,58.86
66,66,66,66,2025-11-24 07:35:08.366997,5,431.08
67,67,67,67,2026-02-28 07:35:08.367033,1,489.39
68,68,68,68,2025-09-22 07:35:08.367069,4,861.9
69,69,69,69,2025-10-25 07:35:08.367108,2,336.75
70,70,70,70,2026-04-01 07:35:08.367144,4,322.86
71,71,71,71,2025-11-19 07:35:08.367180,3,287.31
72,72,72,72,2025-10-08 07:35:08.367216,3,980.13
73,73,73,73,2026-05-08 07:35:08.367254,3,878.94
74,74,74,74,2026-05-29 07:35:08.367291,4,378.46
75,75,75,75,2025-09-03 07:35:08.367327,1,66.78
76,76,76,76,2026-01-14 07:35:08.367365,4,133.8
77,77,77,77,2026-04-11 07:35:08.367404,4,623.34
78,78,78,78,2026-06-15 07:35:08.367444,2,435.54
79,79,79,79,2026-02-13 07:35:08.367480,2,130.86
80,80,80,80,2026-05-03 07:35:08.367516,3,17.28
81,81,81,81,2026-07-09 07:35:08.367554,5,601.8
82,82,82,82,2025-09-23 07:35:08.367592,2,455.75
83,83,83,83,2026-06-11 07:35:08.367628,1,809.91
84,84,84,84,2025-08-25 07:35:08.367664,3,410.76
85,85,85,85,2025-10-17 07:35:08.367703,5,744.02
86,86,86,86,2026-05-13 07:35:08.367740,4,163.1
87,87,87,87,2025-08-10 07:35:08.367780,3,487.53
88,88,88,88,2025-09-10 07:35:08.367816,1,287.5
89,89,89,89,2026-05-12 07:35:08.367854,5,363.58
90,90,90,90,2026-03-08 07:35:08.367890,5,231.26
91,91,91,91,2026-03-05 07:35:08.367925,3,157.7
92,92,92,92,2026-07-10 07:35:08.367961,4,418.34
93,93,93,93,2025-12-08 07:35:08.367998,3,208.47
94,94,94,94,2026-06-22 07:35:08.368037,5,1126.32
95,95,95,95,2026-05-14 07:35:08.368073,1,60.37
96,96,96,96,2026-03-13 07:35:08.368110,5,225.48
97,97,97,97,2026-01-16 07:35:08.368147,4,142.8
98,98,98,98,2026-06-18 07:35:08.370999,5,1437.84
99,99,99,99,2025-08-18 07:35:08.371054,5,459.79
100,100,100,100,2025-08-26 07:35:08.371099,2,729.26
101,101,101,101,2025-08-06 07:35:08.371137,5,325.31
102,102,102,102,2026-05-13 07:35:08.371174,1,948.72
103,103,103,103,2025-09-15 07:35:08.371213,2,907.95
104,104,104,104,2026-02-23 07:35:08.371250,4,378.67
105,105,105,105,2025-09-06 07:35:08.371287,4,805.24
106,106,106,106,2025-12-13 07:35:08.371326,3,82.2
107,107,107,107,2026-02-10 07:35:08.371363,2,23.81
108,108,108,108,2026-05-16 07:35:08.371400,5,37.71
109,109,109,109,2025-09-29 07:35:08.371440,5,126.84
110,110,110,110,2026-06-18 07:35:08.371480,5,365.76
111,111,111,111,2026-07-23 07:35:08.371517,3,31.33
112,112,112,112,2025-08-15 07:35:08.371555,4,547.89
113,113,113,113,2026-02-23 07:35:08.371591,5,62.94
114,114,114,114,2025-12-20 07:35:08.371627,4,1302.72
115,115,115,115,2026-04-30 07:35:08.371666,5,805.12
116,116,116,116,2026-02-01 07:35:08.371702,5,437.6
117,117,117,117,2026-04-02 07:35:08.371742,3,851.7
118,118,118,118,2026-02-21 07:35:08.371780,3,383.91
119,119,119,119,2025-08-10 07:35:08.371816,4,354.98
120,120,120,120,2026-06-28 07:35:08.371852,5,1452.33
121,121,121,121,2025-11-21 07:35:08.371891,1,239.76
122,122,122,122,2025-11-28 07:35:08.371928,5,84.44
123,123,123,123,2025-09-07 07:35:08.371965,5,343.25
124,124,124,124,2026-03-08 07:35:08.372003,1,178.72
125,125,125,125,2025-09-25 07:35:08.372040,3,277.89
126,126,126,126,2025-10-25 07:35:08.372075,3,642.39
127,127,127,127,2025-09-24 07:35:08.372112,2,450.82
128,128,128,128,2026-06-12 07:35:08.372148,1,477.14
129,129,129,129,2025-12-04 07:35:08.372185,4,326.46
130,130,130,130,2025-08-21 07:35:08.372225,4,67.68
131,131,131,131,2026-01-27 07:35:08.372262,5,64.34
132,132,132,132,2026-05-19 07:35:08.372297,2,609.03
133,133,133,133,2026-02-18 07:35:08.372336,2,467.84
134,134,134,134,2026-06-05 07:35:08.372374,4,728.1
135,135,135,135,2026-03-29 07:35:08.372412,1,736.26
136,136,136,136,2026-06-30 07:35:08.372448,2,329.73
137,137,137,137,2025-08-17 07:35:08.372484,3,1370.82
138,138,138,138,2025-10-18 07:35:08.372520,3,223.14
139,139,139,139,2025-08-30 07:35:08.372556,3,91.83
140,140,140,140,2025-11-02 07:35:08.372592,2,935.04
141,141,141,141,2025-11-29 07:35:08.372628,2,965.22
142,142,142,142,2025-12-30 07:35:08.372666,2,364.33
143,143,143,143,2026-03-08 07:35:08.372702,4,864.9
144,144,144,144,2026-04-27 07:35:08.372740,1,516.12
145,145,145,145,2026-05-21 07:35:08.372779,4,341.36
146,146,146,146,2025-08-11 07:35:08.372889,2,364.21
147,147,147,147,2026-04-10 07:35:08.372926,2,917.8
148,148,148,148,2026-06-20 07:35:08.372963,5,829.1
149,149,149,149,2026-06-02 07:35:08.373003,2,250.29
150,150,150,150,2026-02-24 07:35:08.373041,1,427.12
151,151,151,151,2026-07-15 07:35:08.373077,3,994.24
152,152,152,152,2025-08-27 07:35:08.373113,5,436.11
153,153,153,153,2025-10-26 07:35:08.373149,4,1141.59
154,154,154,154,2026-03-30 07:35:08.373187,2,406.64
155,155,155,155,2026-07-03 07:35:08.373223,2,95.04
156,156,156,156,2026-06-30 07:35:08.373261,5,1318.11
157,157,157,157,2026-05-16 07:35:08.373300,3,677.92
158,158,158,158,2026-01-14 07:35:08.373336,2,571.14
159,159,159,159,2025-09-25 07:35:08.373372,5,416.41
160,160,160,160,2026-06-01 07:35:08.373408,4,158.56
161,161,161,161,2025-11-11 07:35:08.373444,4,476.92
162,162,162,162,2025-10-08 07:35:08.373480,4,746.42
163,163,163,163,2025-09-06 07:35:08.373515,4,944.6
164,164,164,164,2025-08-23 07:35:08.373551,1,479.05
165,165,165,165,2025-09-19 07:35:08.373588,4,700.32
166,166,166,166,2025-08-20 07:35:08.373627,4,144.62
167,167,167,167,2025-12-08 07:35:08.373663,5,399.52
168,168,168,168,2025-08-06 07:35:08.373704,2,195.84
169,169,169,169,2025-08-15 07:35:08.373766,3,1354.86
170,170,170,170,2025-08-19 07:35:08.373806,5,313.3
171,171,171,171,2025-09-30 07:35:08.373842,4,448.34
172,172,172,172,2026-03-02 07:35:08.373877,2,1029.15
173,173,173,173,2025-12-16 07:35:08.373916,3,373.48
174,174,174,174,2026-01-15 07:35:08.373952,1,107.82
175,175,175,175,2026-06-29 07:35:08.373987,2,156.06
176,176,176,176,2026-02-26 07:35:08.374021,1,632.54
177,177,177,177,2026-01-09 07:35:08.374056,3,611.14
178,178,178,178,2026-04-30 07:35:08.374093,5,466.71
179,179,179,179,2026-05-14 07:35:08.374130,4,509.32
180,180,180,180,2025-09-30 07:35:08.374166,1,397.45
181,181,181,181,2025-11-08 07:35:08.374208,5,185.73
182,182,182,182,2026-06-02 07:35:08.374243,2,493.12
183,183,183,183,2026-07-09 07:35:08.374277,1,363.78
184,184,184,184,2026-04-04 07:35:08.374312,4,841.32
185,185,185,185,2026-03-11 07:35:08.374346,1,661.44
186,186,186,186,2026-01-12 07:35:08.374380,5,432.69
187,187,187,187,2026-02-25 07:35:08.374416,1,51.53
188,188,188,188,2026-03-06 07:35:08.374450,2,248.47
189,189,189,189,2025-12-31 07:35:08.374484,4,818.92
190,190,190,190,2025-10-15 07:35:08.374519,4,360.51
191,191,191,191,2026-06-09 07:35:08.374557,2,764.8
192,192,192,192,2025-09-11 07:35:08.374592,4,112.84
193,193,193,193,2026-03-04 07:35:08.374628,3,907.38
194,194,194,194,2026-02-17 07:35:08.374732,2,216.54
195,195,195,195,2026-03-11 07:35:08.374770,3,94.0
196,196,196,196,2026-01-09 07:35:08.374804,2,670.86
197,197,197,197,2025-12-08 07:35:08.374839,1,396.27
198,198,198,198,2026-03-25 07:35:08.374874,1,315.82
199,199,199,199,2026-06-22 07:35:08.374908,2,164.07
200,200,200,200,2026-06-16 07:35:08.374942,1,350.08
201,201,201,201,2026-04-13 07:35:08.374978,2,572.02
202,202,202,202,2026-03-27 07:35:08.375018,3,594.54
203,203,203,203,2026-04-26 07:35:08.375054,4,878.32
204,204,204,204,2026-05-25 07:35:08.375089,4,806.58
205,205,205,205,2026-01-09 07:35:08.375125,5,86.18
206,206,206,206,2025-10-30 07:35:08.375160,3,323.7
207,207,207,207,2026-07-03 07:35:08.375194,3,1389.21
208,208,208,208,2026-03-16 07:35:08.375229,1,476.98
209,209,209,209,2026-05-07 07:35:08.375266,3,260.28
210,210,210,210,2026-05-01 07:35:08.375300,1,389.49
211,211,211,211,2026-05-01 07:35:08.375335,2,870.15
212,212,212,212,2026-02-26 07:35:08.375373,5,233.81
213,213,213,213,2025-09-09 07:35:08.375411,1,933.74
214,214,214,214,2026-07-09 07:35:08.375452,2,1459.65
215,215,215,215,2026-04-01 07:35:08.375493,3,600.06
216,216,216,216,2026-06-06 07:35:08.375528,2,472.34
217,217,217,217,2026-05-12 07:35:08.375565,3,483.21
218,218,218,218,2025-08-19 07:35:08.375600,3,263.26
219,219,219,219,2026-04-09 07:35:08.375635,2,59.93
220,220,220,220,2026-05-27 07:35:08.375669,1,997.22
221,221,221,221,2026-04-27 07:35:08.375703,3,48.9
222,222,222,222,2026-01-16 07:35:08.375737,2,885.12
223,223,223,223,2025-11-16 07:35:08.375771,3,371.92
224,224,224,224,2026-03-27 07:35:08.375805,2,538.84
225,225,225,225,2026-01-29 07:35:08.375843,5,125.91
226,226,226,226,2025-09-26 07:35:08.375877,2,96.02
227,227,227,227,2025-10-04 07:35:08.375914,2,96.96
228,228,228,228,2025-12-20 07:35:08.375949,4,524.73
229,229,229,229,2025-08-13 07:35:08.375985,3,298.59
230,230,230,230,2025-11-19 07:35:08.376021,2,331.86
231,231,231,231,2026-02-02 07:35:08.376056,3,15.58
232,232,232,232,2025-11-28 07:35:08.376091,5,1326.21
233,233,233,233,2026-01-20 07:35:08.376126,2,413.85
234,234,234,234,2026-05-12 07:35:08.376167,1,471.8
235,235,235,235,2025-11-22 07:35:08.376202,2,126.4
236,236,236,236,2025-12-01 07:35:08.376238,1,45.22
237,237,237,237,2026-03-19 07:35:08.376272,4,887.78
238,238,238,238,2026-04-06 07:35:08.376307,5,178.46
239,239,239,239,2025-10-12 07:35:08.376343,5,48.69
240,240,240,240,2026-05-17 07:35:08.376378,5,96.8
241,241,241,241,2025-10-04 07:35:08.376481,5,469.0
242,242,242,242,2026-01-02 07:35:08.376516,3,783.96
243,243,243,243,2025-08-12 07:35:08.376553,2,312.94
244,244,244,244,2026-05-24 07:35:08.376587,3,1291.62
245,245,245,245,2026-01-21 07:35:08.376622,1,340.74
246,246,246,246,2026-07-15 07:35:08.376658,4,438.84
247,247,247,247,2026-05-02 07:35:08.376692,4,74.94
248,248,248,248,2026-04-09 07:35:08.376729,2,598.26
249,249,249,249,2026-02-25 07:35:08.376764,3,654.42
250,250,250,250,2025-09-23 07:35:08.376798,3,27.2
251,251,251,251,2026-03-30 07:35:08.376835,1,994.5
252,252,252,252,2025-10-06 07:35:08.376871,5,454.39
253,253,253,253,2026-05-27 07:35:08.376907,3,1272.78
254,254,254,254,2026-01-22 07:35:08.376942,3,1311.0
255,255,255,255,2026-07-04 07:35:08.376976,2,255.23
256,256,256,256,2026-05-02 07:35:08.377011,3,295.11
257,257,257,257,2025-12-24 07:35:08.377048,4,146.82
258,258,258,258,2026-04-07 07:35:08.377085,3,37.56
259,259,259,259,2025-11-05 07:35:08.377123,3,949.5
260,260,260,260,2025-10-03 07:35:08.377175,5,121.92
261,261,261,261,2026-07-21 07:35:08.377210,1,101.43
262,262,262,262,2026-06-10 07:35:08.377246,5,701.28
263,263,263,263,2026-03-19 07:35:08.377281,5,394.53
264,264,264,264,2025-10-11 07:35:08.377317,4,124.91
265,265,265,265,2026-07-11 07:35:08.377354,3,278.84
266,266,266,266,2025-09-16 07:35:08.377389,3,981.39
267,267,267,267,2026-05-07 07:35:08.377423,1,348.05
268,268,268,268,2026-07-17 07:35:08.377457,2,449.4
269,269,269,269,2026-02-08 07:35:08.377492,5,1306.44
270,270,270,270,2025-09-21 07:35:08.377529,1,341.38
271,271,271,271,2025-10-23 07:35:08.377563,4,256.08
272,272,272,272,2026-06-09 07:35:08.377599,4,329.74
273,273,273,273,2026-07-04 07:35:08.377636,2,222.72
274,274,274,274,2025-09-10 07:35:08.377670,3,173.22
275,275,275,275,2026-04-22 07:35:08.377705,2,373.83
276,276,276,276,2025-12-09 07:35:08.377741,5,1261.08
277,277,277,277,2026-05-27 07:35:08.377777,1,925.88
278,278,278,278,2026-03-03 07:35:08.377811,4,383.56
279,279,279,279,2026-03-05 07:35:08.377846,3,1076.46
280,280,280,280,2026-03-07 07:35:08.377883,4,245.38
281,281,281,281,2026-03-25 07:35:08.377918,2,377.59
282,282,282,282,2026-01-13 07:35:08.377954,2,1117.05
283,283,283,283,2026-04-19 07:35:08.377988,5,326.4
284,284,284,284,2025-11-10 07:35:08.378023,1,193.88
285,285,285,285,2025-09-29 07:35:08.378057,1,715.5
286,286,286,286,2025-12-31 07:35:08.378094,5,1436.76
287,287,287,287,2026-07-27 07:35:08.378128,1,461.55
288,288,288,288,2026-01-15 07:35:08.378164,3,1331.91
289,289,289,289,2026-06-12 07:35:08.378270,2,465.75
290,290,290,290,2025-08-14 07:35:08.378306,2,110.73
291,291,291,291,2026-01-14 07:35:08.378341,4,875.19
292,292,292,292,2026-01-29 07:35:08.378375,5,380.42
293,293,293,293,2026-01-12 07:35:08.378412,5,50.2
294,294,294,294,2025-10-11 07:35:08.378447,5,877.28
295,295,295,295,2025-09-19 07:35:08.378481,3,453.76
296,296,296,296,2025-10-07 07:35:08.378516,4,304.84
297,297,297,297,2025-08-10 07:35:08.378550,5,248.07
298,298,298,298,2026-05-24 07:35:08.378584,3,789.94
299,299,299,299,2026-03-19 07:35:08.378619,1,1267.44
300,300,300,300,2025-12-02 07:35:08.378655,2,908.18
301,301,301,301,2026-03-31 07:35:08.378691,5,163.11
302,302,302,302,2026-01-23 07:35:08.378726,2,29.81
303,303,303,303,2025-10-08 07:35:08.378760,5,506.37
304,304,304,304,2026-02-05 07:35:08.378797,4,388.8
305,305,305,305,2025-09-26 07:35:08.378831,1,442.8
306,306,306,306,2026-05-27 07:35:08.378865,5,898.47
307,307,307,307,2025-09-28 07:35:08.378899,5,409.65
308,308,308,308,2025-09-15 07:35:08.378934,5,833.76
309,309,309,309,2025-08-15 07:35:08.378973,4,63.2
310,310,310,310,2025-09-26 07:35:08.379012,5,378.67
311,311,311,311,2025-08-09 07:35:08.379047,5,396.88
312,312,312,312,2026-07-28 07:35:08.379113,5,630.72
313,313,313,313,2026-03-20 07:35:08.379155,5,124.46
314,314,314,314,2025-10-20 07:35:08.379194,4,788.12
315,315,315,315,2026-01-07 07:35:08.379230,3,1181.16
316,316,316,316,2026-04-09 07:35:08.379267,3,463.67
317,317,317,317,2026-07-26 07:35:08.379303,2,1420.2
318,318,318,318,2026-05-12 07:35:08.379337,1,680.54
319,319,319,319,2026-04-07 07:35:08.379372,5,279.3
320,320,320,320,2026-03-22 07:35:08.379407,5,769.65
321,321,321,321,2026-06-27 07:35:08.379441,4,707.25
322,322,322,322,2026-06-23 07:35:08.379476,5,150.77
323,323,323,323,2026-04-17 07:35:08.379510,2,371.19
324,324,324,324,2025-09-17 07:35:08.379546,3,26.5
325,325,325,325,2025-11-29 07:35:08.379582,5,377.58
326,326,326,326,2026-01-18 07:35:08.379616,5,164.67
327,327,327,327,2025-12-26 07:35:08.379652,2,959.36
328,328,328,328,2025-10-20 07:35:08.379686,4,244.0
329,329,329,329,2026-03-25 07:35:08.379721,5,1493.49
330,330,330,330,2025-10-18 07:35:08.379755,5,114.38
331,331,331,331,2026-01-31 07:35:08.379789,3,985.29
332,332,332,332,2025-10-12 07:35:08.379824,4,323.88
333,333,333,333,2025-10-04 07:35:08.379858,5,651.76
334,334,334,334,2025-10-24 07:35:08.379892,1,91.79
335,335,335,335,2026-05-25 07:35:08.379926,5,122.38
336,336,336,336,2025-10-28 07:35:08.379968,2,1404.24
337,337,337,337,2025-10-28 07:35:08.380073,2,323.37
338,338,338,338,2025-10-31 07:35:08.380109,1,1228.62
339,339,339,339,2026-01-10 07:35:08.380144,2,193.09
340,340,340,340,2025-11-01 07:35:08.380180,3,811.42
341,341,341,341,2026-05-15 07:35:08.380214,1,430.05
342,342,342,342,2025-12-28 07:35:08.380248,3,108.4
343,343,343,343,2026-01-17 07:35:08.380282,1,44.98
344,344,344,344,2026-02-22 07:35:08.380317,3,387.79
345,345,345,345,2025-09-10 07:35:08.380352,4,889.76
346,346,346,346,2026-01-22 07:35:08.380386,1,393.9
347,347,347,347,2026-02-19 07:35:08.380420,5,977.52
348,348,348,348,2025-08-09 07:35:08.380463,4,247.8
349,349,349,349,2025-10-27 07:35:08.380501,3,177.14
350,350,350,350,2026-01-14 07:35:08.380538,2,501.42
351,351,351,351,2026-05-01 07:35:08.380574,1,57.17
352,352,352,352,2025-09-24 07:35:08.380608,1,315.75
353,353,353,353,2026-07-02 07:35:08.380644,5,939.48
354,354,354,354,2025-08-29 07:35:08.380684,2,369.6
355,355,355,355,2026-04-30 07:35:08.380718,5,681.0
356,356,356,356,2025-09-10 07:35:08.380752,4,838.62
357,357,357,357,2026-03-08 07:35:08.380788,5,229.27
358,358,358,358,2025-10-20 07:35:08.380823,5,1164.15
359,359,359,359,2025-10-12 07:35:08.380858,4,397.29
360,360,360,360,2026-02-10 07:35:08.380893,3,314.38
361,361,361,361,2026-05-16 07:35:08.380933,3,478.02
362,362,362,362,2026-05-17 07:35:08.380967,2,514.64
363,363,363,363,2025-10-18 07:35:08.381003,2,511.78
364,364,364,364,2026-06-16 07:35:08.381038,1,421.41
365,365,365,365,2026-07-09 07:35:08.381072,2,493.95
366,366,366,366,2026-06-05 07:35:08.381106,3,928.2
367,367,367,367,2025-08-10 07:35:08.381141,1,755.34
368,368,368,368,2026-03-15 07:35:08.381175,3,36.01
369,369,369,369,2025-12-09 07:35:08.381209,5,1304.16
370,370,370,370,2026-04-02 07:35:08.381244,5,359.84
371,371,371,371,2025-11-07 07:35:08.381279,5,1348.86
372,372,372,372,2025-10-07 07:35:08.381315,5,690.27
373,373,373,373,2025-11-01 07:35:08.381354,1,331.55
374,374,374,374,2026-06-07 07:35:08.381389,2,375.35
375,375,375,375,2025-11-29 07:35:08.381423,2,369.45
376,376,376,376,2026-03-15 07:35:08.381457,4,90.26
377,377,377,377,2025-09-23 07:35:08.381491,4,1334.76
378,378,378,378,2025-11-08 07:35:08.381526,5,462.58
379,379,379,379,2025-12-07 07:35:08.381559,2,450.76
380,380,380,380,2025-08-09 07:35:08.381592,5,364.1
381,381,381,381,2026-06-15 07:35:08.381625,1,397.62
382,382,382,382,2025-08-28 07:35:08.381660,2,196.5
383,383,383,383,2025-09-16 07:35:08.381694,3,98.54
384,384,384,384,2026-06-21 07:35:08.381795,5,895.62
385,385,385,385,2025-08-24 07:35:08.381832,5,247.95
386,386,386,386,2025-10-08 07:35:08.381866,3,333.85
387,387,387,387,2026-02-13 07:35:08.381899,5,306.98
388,388,388,388,2026-03-21 07:35:08.381933,5,1042.32
389,389,389,389,2026-07-31 07:35:08.381967,1,443.0
390,390,390,390,2025-08-12 07:35:08.382003,3,569.2
391,391,391,391,2026-02-12 07:35:08.382037,3,612.18
392,392,392,392,2025-11-07 07:35:08.382108,3,709.83
393,393,393,393,2026-01-20 07:35:08.382154,5,485.11
394,394,394,394,2025-12-12 07:35:08.382192,3,212.8
395,395,395,395,2026-04-25 07:35:08.382232,3,515.88
396,396,396,396,2026-06-02 07:35:08.382267,1,55.82
397,397,397,397,2025-09-07 07:35:08.382305,2,750.64
398,398,398,398,2025-10-18 07:35:08.382340,5,87.17
399,399,399,399,2025-10-28 07:35:08.382378,4,93.92
400,400,400,400,2026-02-11 07:35:08.382413,2,606.12
401,401,401,401,2026-05-19 07:35:08.382452,5,324.18
402,402,402,402,2025-12-07 07:35:08.382488,2,49.66
403,403,403,403,2025-10-02 07:35:08.382522,4,328.23
404,404,404,404,2025-10-14 07:35:08.382555,3,1226.46
405,405,405,405,2026-05-02 07:35:08.382588,3,604.16
406,406,406,406,2025-10-07 07:35:08.382624,1,333.48
407,407,407,407,2026-02-26 07:35:08.382659,4,1031.82
408,408,408,408,2026-01-29 07:35:08.382693,1,81.16
409,409,409,409,2026-05-21 07:35:08.382731,2,590.91
410,410,410,410,2025-08-29 07:35:08.382764,4,45.16
411,411,411,411,2026-01-16 07:35:08.382799,3,232.65
412,412,412,412,2025-10-14 07:35:08.382833,4,633.93
413,413,413,413,2026-06-16 07:35:08.382869,2,475.64
414,414,414,414,2025-12-03 07:35:08.382905,5,1358.28
415,415,415,415,2026-07-05 07:35:08.382939,3,120.27
416,416,416,416,2026-07-24 07:35:08.382974,1,224.82
417,417,417,417,2026-05-18 07:35:08.383009,5,98.6
418,418,418,418,2026-06-02 07:35:08.383045,1,369.84
419,419,419,419,2025-12-21 07:35:08.383078,1,711.5
420,420,420,420,2026-03-14 07:35:08.383113,3,644.68
421,421,421,421,2025-08-21 07:35:08.383150,1,264.78
422,422,422,422,2026-06-14 07:35:08.383185,1,446.46
423,423,423,423,2026-04-28 07:35:08.383219,3,388.44
424,424,424,424,2026-01-17 07:35:08.383254,4,178.72
425,425,425,425,2025-12-23 07:35:08.383288,2,292.32
426,426,426,426,2026-05-16 07:35:08.383321,1,366.5
427,427,427,427,2026-06-26 07:35:08.383356,5,470.56
428,428,428,428,2026-06-15 07:35:08.383390,3,475.17
429,429,429,429,2025-08-13 07:35:08.383427,3,207.18
430,430,430,430,2026-07-23 07:35:08.383461,1,81.74
431,431,431,431,2026-05-20 07:35:08.383494,4,1119.36
432,432,432,432,2025-12-10 07:35:08.383596,5,320.0
433,433,433,433,2025-10-10 07:35:08.383632,5,218.84
434,434,434,434,2026-05-08 07:35:08.383667,4,381.2
435,435,435,435,2026-06-16 07:35:08.383700,5,882.04
436,436,436,436,2025-09-29 07:35:08.383734,2,635.7
437,437,437,437,2026-06-13 07:35:08.383767,5,566.56
438,438,438,438,2025-11-19 07:35:08.383800,2,104.92
439,439,439,439,2026-07-05 07:35:08.383833,5,312.24
440,440,440,440,2026-04-05 07:35:08.383868,1,339.46
441,441,441,441,2026-05-18 07:35:08.383903,2,722.37
442,442,442,442,2026-07-01 07:35:08.383937,3,109.08
443,443,443,443,2026-04-05 07:35:08.383970,1,173.66
444,444,444,444,2025-10-08 07:35:08.384003,2,659.31
445,445,445,445,2026-06-11 07:35:08.384038,4,437.18
446,446,446,446,2026-02-25 07:35:08.384073,2,464.82
447,447,447,447,2025-09-10 07:35:08.384107,1,1191.09
448,448,448,448,2025-09-17 07:35:08.384140,3,1420.77
449,449,449,449,2025-10-18 07:35:08.384173,1,940.14
450,450,450,450,2025-11-16 07:35:08.384209,4,225.6
451,451,451,451,2025-08-21 07:35:08.384243,1,270.63
452,452,452,452,2025-11-07 07:35:08.384278,1,290.42
453,453,453,453,2025-09-04 07:35:08.384311,3,81.7
454,454,454,454,2026-04-06 07:35:08.384344,4,575.9
455,455,455,455,2025-08-24 07:35:08.384382,2,99.32
456,456,456,456,2026-05-17 07:35:08.384416,3,221.06
457,457,457,457,2025-10-25 07:35:08.384453,5,948.84
458,458,458,458,2025-11-28 07:35:08.384491,1,454.37
459,459,459,459,2025-10-06 07:35:08.384524,5,55.32
460,460,460,460,2026-07-03 07:35:08.384557,3,210.56
461,461,461,461,2025-12-31 07:35:08.384591,4,977.98
462,462,462,462,2026-01-20 07:35:08.384625,1,158.58
463,463,463,463,2026-02-27 07:35:08.384660,5,835.64
464,464,464,464,2026-03-06 07:35:08.384694,4,478.45
465,465,465,465,2025-09-13 07:35:08.384729,4,561.78
466,466,466,466,2026-01-30 07:35:08.384762,2,81.61
467,467,467,467,2026-04-29 07:35:08.384795,1,808.53
468,468,468,468,2026-02-01 07:35:08.384830,2,352.0
469,469,469,469,2025-09-20 07:35:08.384865,5,350.28
470,470,470,470,2025-12-17 07:35:08.384900,5,734.88
471,471,471,471,2026-05-26 07:35:08.384934,1,159.52
472,472,472,472,2026-07-09 07:35:08.384967,1,52.14
473,473,473,473,2026-03-11 07:35:08.385000,5,364.5
474,474,474,474,2026-05-05 07:35:08.385035,5,383.99
475,475,475,475,2026-01-18 07:35:08.385068,4,225.44
476,476,476,476,2026-03-06 07:35:08.385101,5,794.01
477,477,477,477,2026-03-05 07:35:08.385134,4,162.88
478,478,478,478,2026-01-07 07:35:08.385167,5,224.65
479,479,479,479,2025-10-07 07:35:08.385200,5,140.3
480,480,480,480,2025-11-23 07:35:08.385298,4,82.21
481,481,481,481,2025-09-15 07:35:08.385332,1,197.49
482,482,482,482,2025-10-25 07:35:08.385367,1,138.22
483,483,483,483,2025-11-22 07:35:08.385401,4,26.1
484,484,484,484,2025-10-02 07:35:08.385437,4,1285.89
485,485,485,485,2026-02-07 07:35:08.385470,4,180.95
486,486,486,486,2026-02-25 07:35:08.385504,1,655.12
487,487,487,487,2025-10-03 07:35:08.385537,1,903.38
488,488,488,488,2026-01-26 07:35:08.385571,4,253.4
489,489,489,489,2026-06-13 07:35:08.385604,5,808.52
490,490,490,490,2026-02-21 07:35:08.385636,2,827.26
491,491,491,491,2025-08-27 07:35:08.385669,4,709.26
492,492,492,492,2025-08-15 07:35:08.385702,3,376.98
493,493,493,493,2026-05-16 07:35:08.385737,2,88.69
494,494,494,494,2025-08-28 07:35:08.385771,5,88.09
495,495,495,495,2025-08-29 07:35:08.385804,1,869.82
496,496,496,496,2026-04-01 07:35:08.385837,5,416.2
497,497,497,497,2025-12-18 07:35:08.385871,4,161.4
498,498,498,498,2026-01-27 07:35:08.385904,4,728.04
499,499,499,499,2026-02-23 07:35:08.385936,3,1378.65
500,500,500,500,2025-12-19 07:35:08.385969,3,1406.4
501,501,501,501,2026-03-20 07:35:08.386002,5,361.52
502,502,502,502,2025-09-12 07:35:08.386034,4,70.2
503,503,503,503,2026-01-02 07:35:08.386068,3,264.62
504,504,504,504,2025-10-12 07:35:08.386105,2,213.1
505,505,505,505,2025-12-24 07:35:08.386142,5,707.24
506,506,506,506,2026-06-01 07:35:08.386176,2,1166.85
507,507,507,507,2025-12-29 07:35:08.386210,2,608.08
508,508,508,508,2026-05-24 07:35:08.386245,3,1035.87
509,509,509,509,2025-12-02 07:35:08.386278,3,848.79
510,510,510,510,2026-07-10 07:35:08.386311,5,338.92
511,511,511,511,2026-02-21 07:35:08.386344,1,358.03
512,512,512,512,2026-05-15 07:35:08.386379,5,670.59
513,513,513,513,2026-07-11 07:35:08.386411,4,275.02
514,514,514,514,2025-11-13 07:35:08.386444,3,167.55
515,515,515,515,2026-07-18 07:35:08.386476,3,391.86
516,516,516,516,2025-09-30 07:35:08.386510,1,99.44
517,517,517,517,2026-06-25 07:35:08.386545,5,1208.28
518,518,518,518,2026-05-14 07:35:08.386580,1,179.68
519,519,519,519,2026-03-16 07:35:08.386615,5,323.82
520,520,520,520,2025-08-14 07:35:08.386649,2,523.08
521,521,521,521,2025-12-25 07:35:08.386683,3,1476.75
522,522,522,522,2026-06-20 07:35:08.386716,5,237.68
523,523,523,523,2025-09-15 07:35:08.386749,3,311.7
524,524,524,524,2026-05-05 07:35:08.386782,4,543.68
525,525,525,525,2026-05-28 07:35:08.386814,2,186.76
526,526,526,526,2025-10-29 07:35:08.386849,2,81.13
527,527,527,527,2025-10-05 07:35:08.386947,2,354.27
528,528,528,528,2025-11-25 07:35:08.386981,5,1113.51
529,529,529,529,2025-12-30 07:35:08.387016,4,164.77
530,530,530,530,2025-11-14 07:35:08.387050,2,1097.52
531,531,531,531,2025-09-16 07:35:08.387086,2,836.42
532,532,532,532,2026-02-26 07:35:08.387119,2,59.44
533,533,533,533,2025-09-18 07:35:08.387152,2,25.67
534,534,534,534,2025-12-09 07:35:08.387185,1,449.2
535,535,535,535,2025-12-17 07:35:08.387218,5,912.76
536,536,536,536,2026-02-07 07:35:08.387251,3,1455.36
537,537,537,537,2025-12-24 07:35:08.387283,4,758.14
538,538,538,538,2026-01-07 07:35:08.387316,2,810.12
539,539,539,539,2026-02-05 07:35:08.387350,1,430.92
540,540,540,540,2026-01-05 07:35:08.387383,2,792.58
541,541,541,541,2025-11-07 07:35:08.387417,3,447.36
542,542,542,542,2025-09-13 07:35:08.387452,5,128.24
543,543,543,543,2025-08-24 07:35:08.387487,5,1474.95
544,544,544,544,2026-06-14 07:35:08.387520,1,116.02
545,545,545,545,2025-11-18 07:35:08.387553,4,528.56
546,546,546,546,2025-12-01 07:35:08.387588,1,1453.02
547,547,547,547,2026-01-22 07:35:08.387623,3,580.32
548,548,548,548,2025-11-23 07:35:08.387656,1,445.64
549,549,549,549,2025-09-24 07:35:08.387689,2,451.14
550,550,550,550,2026-02-08 07:35:08.387722,5,335.61
551,551,551,551,2025-09-05 07:35:08.387755,5,400.12
552,552,552,552,2026-04-30 07:35:08.387791,1,898.92
553,553,553,553,2025-12-31 07:35:08.387825,1,96.12
554,554,554,554,2025-08-18 07:35:08.387860,2,99.51
555,555,555,555,2026-07-05 07:35:08.387895,2,79.81
556,556,556,556,2025-11-26 07:35:08.387928,1,79.42
557,557,557,557,2025-12-15 07:35:08.387960,1,987.78
558,558,558,558,2025-09-17 07:35:08.387994,3,1443.18
559,559,559,559,2025-10-31 07:35:08.388027,5,114.25
560,560,560,560,2025-09-09 07:35:08.388060,3,927.36
561,561,561,561,2025-09-23 07:35:08.388092,4,170.94
562,562,562,562,2025-12-16 07:35:08.388125,1,99.52
563,563,563,563,2026-07-21 07:35:08.388157,3,574.62
564,564,564,564,2025-08-05 07:35:08.388190,5,490.26
565,565,565,565,2026-06-28 07:35:08.388227,2,209.9
566,566,566,566,2025-09-06 07:35:08.388260,1,267.86
567,567,567,567,2025-11-01 07:35:08.388297,4,763.84
568,568,568,568,2026-05-08 07:35:08.388331,3,435.34
569,569,569,569,2026-02-11 07:35:08.388364,5,62.84
570,570,570,570,2026-02-21 07:35:08.388397,1,51.91
571,571,571,571,2026-01-07 07:35:08.388430,1,112.02
572,572,572,572,2026-07-18 07:35:08.388462,4,1323.51
573,573,573,573,2026-01-31 07:35:08.388495,4,906.28
574,574,574,574,2026-05-18 07:35:08.388528,2,592.84
575,575,575,575,2026-04-20 07:35:08.388625,2,258.48
576,576,576,576,2026-06-08 07:35:08.388660,4,481.9
577,577,577,577,2026-04-17 07:35:08.388695,4,127.12
578,578,578,578,2026-04-21 07:35:08.388727,2,451.6
579,579,579,579,2025-08-19 07:35:08.388762,2,41.06
580,580,580,580,2026-06-01 07:35:08.388795,2,93.97
581,581,581,581,2026-05-16 07:35:08.388828,3,383.91
582,582,582,582,2025-09-04 07:35:08.388861,5,795.18
583,583,583,583,2025-09-02 07:35:08.388893,1,141.48
584,584,584,584,2026-05-24 07:35:08.388925,1,174.06
585,585,585,585,2026-02-19 07:35:08.388960,3,478.2
586,586,586,586,2026-06-11 07:35:08.388994,1,422.88
587,587,587,587,2026-05-22 07:35:08.389027,5,750.3
588,588,588,588,2026-04-06 07:35:08.389062,2,31.66
589,589,589,589,2025-12-30 07:35:08.389100,2,326.82
590,590,590,590,2025-12-26 07:35:08.389135,4,1221.3
591,591,591,591,2026-01-12 07:35:08.389170,1,865.23
592,592,592,592,2025-09-26 07:35:08.389203,4,61.11
593,593,593,593,2026-02-14 07:35:08.389241,4,465.58
594,594,594,594,2025-08-25 07:35:08.389277,4,73.67
595,595,595,595,2025-09-25 07:35:08.389309,2,40.95
596,596,596,596,2026-03-01 07:35:08.389342,4,1325.07
597,597,597,597,2026-01-11 07:35:08.389375,1,456.31
598,598,598,598,2026-06-08 07:35:08.389408,5,992.54
599,599,599,599,2026-01-08 07:35:08.389442,2,646.08
600,600,600,600,2025-12-19 07:35:08.389476,2,472.12
601,601,601,601,2025-08-19 07:35:08.389514,3,373.31
602,602,602,602,2025-12-16 07:35:08.389546,1,100.2
603,603,603,603,2026-04-24 07:35:08.389578,1,17.86
604,604,604,604,2025-12-24 07:35:08.389612,1,317.13
605,605,605,605,2025-09-02 07:35:08.389644,5,228.52
606,606,606,606,2025-09-27 07:35:08.389677,3,818.19
607,607,607,607,2026-04-03 07:35:08.389710,5,522.6
608,608,608,608,2026-05-22 07:35:08.389742,3,439.92
609,609,609,609,2025-09-05 07:35:08.389774,1,1116.72
610,610,610,610,2026-04-09 07:35:08.389809,5,548.52
611,611,611,611,2026-06-15 07:35:08.389842,2,106.59
612,612,612,612,2026-03-26 07:35:08.389875,3,727.24
613,613,613,613,2025-09-22 07:35:08.389909,4,195.08
614,614,614,614,2026-03-08 07:35:08.389941,4,288.27
615,615,615,615,2026-01-10 07:35:08.389973,3,24.1
616,616,616,616,2026-02-03 07:35:08.390064,5,268.68
617,617,617,617,2026-07-17 07:35:08.390097,2,53.82
618,618,618,618,2026-06-20 07:35:08.390132,5,387.78
619,619,619,619,2026-02-05 07:35:08.390164,2,739.26
620,620,620,620,2026-03-06 07:35:08.390198,4,44.22
621,621,621,621,2026-04-29 07:35:08.390230,2,461.64
622,622,622,622,2026-07-16 07:35:08.390328,5,52.0
623,623,623,623,2026-03-17 07:35:08.390361,4,114.9
624,624,624,624,2026-02-12 07:35:08.390427,1,335.89
625,625,625,625,2026-04-26 07:35:08.390470,1,694.32
626,626,626,626,2026-02-03 07:35:08.390504,4,614.62
627,627,627,627,2026-02-27 07:35:08.390539,5,789.16
628,628,628,628,2026-07-17 07:35:08.390574,2,758.18
629,629,629,629,2026-02-11 07:35:08.390610,2,961.32
630,630,630,630,2026-06-17 07:35:08.390645,1,406.14
631,631,631,631,2025-10-30 07:35:08.390680,2,954.98
632,632,632,632,2026-04-10 07:35:08.390716,4,43.5
633,633,633,633,2025-10-11 07:35:08.390753,4,484.08
634,634,634,634,2026-05-01 07:35:08.390788,4,339.6
635,635,635,635,2026-06-25 07:35:08.390824,5,1026.51
636,636,636,636,2026-02-26 07:35:08.390857,4,505.44
637,637,637,637,2026-01-27 07:35:08.390893,5,404.14
638,638,638,638,2025-11-10 07:35:08.390929,3,1462.02
639,639,639,639,2025-08-11 07:35:08.390964,1,498.86
640,640,640,640,2026-04-07 07:35:08.390998,1,151.47
641,641,641,641,2026-06-11 07:35:08.391031,3,499.98
642,642,642,642,2025-10-29 07:35:08.391063,1,393.9
643,643,643,643,2025-10-17 07:35:08.391095,3,29.18
644,644,644,644,2026-03-03 07:35:08.391130,5,20.08
645,645,645,645,2026-02-28 07:35:08.391162,2,411.68
646,646,646,646,2026-01-08 07:35:08.391195,4,134.93
647,647,647,647,2026-02-20 07:35:08.391227,4,384.7
648,648,648,648,2026-03-14 07:35:08.391259,2,42.32
649,649,649,649,2026-06-13 07:35:08.391295,5,192.22
650,650,650,650,2025-08-18 07:35:08.391327,5,1421.37
651,651,651,651,2025-09-07 07:35:08.391359,3,586.83
652,652,652,652,2026-04-05 07:35:08.391393,3,451.62
653,653,653,653,2026-06-18 07:35:08.391431,3,382.86
654,654,654,654,2026-04-25 07:35:08.391467,1,787.08
655,655,655,655,2026-05-24 07:35:08.391501,5,965.36
656,656,656,656,2026-03-03 07:35:08.391535,3,426.88
657,657,657,657,2025-12-08 07:35:08.391567,3,851.38
658,658,658,658,2025-11-10 07:35:08.391599,2,119.32
659,659,659,659,2025-10-30 07:35:08.391631,3,193.41
660,660,660,660,2026-01-10 07:35:08.391664,4,321.75
661,661,661,661,2026-05-27 07:35:08.391697,3,499.28
662,662,662,662,2025-12-24 07:35:08.391730,5,765.0
663,663,663,663,2026-03-19 07:35:08.391764,2,254.16
664,664,664,664,2026-01-07 07:35:08.391798,1,636.32
665,665,665,665,2025-11-28 07:35:08.391831,1,801.72
666,666,666,666,2026-07-05 07:35:08.391863,3,166.72
667,667,667,667,2025-08-16 07:35:08.391897,5,173.8
668,668,668,668,2026-05-26 07:35:08.391929,5,145.21
669,669,669,669,2025-10-31 07:35:08.391963,2,313.32
670,670,670,670,2025-11-26 07:35:08.392827,4,955.89
671,671,671,671,2025-11-20 07:35:08.392859,5,119.37
672,672,672,672,2025-10-01 07:35:08.392892,1,334.17
673,673,673,673,2026-03-04 07:35:08.392927,1,205.08
674,674,674,674,2026-02-15 07:35:08.392962,1,200.79
675,675,675,675,2026-05-02 07:35:08.392995,3,409.8
676,676,676,676,2026-04-18 07:35:08.393029,5,333.06
677,677,677,677,2026-04-26 07:35:08.393062,5,111.82
678,678,678,678,2026-03-28 07:35:08.393096,4,923.49
679,679,679,679,2026-07-09 07:35:08.393128,2,20.15
680,680,680,680,2025-10-16 07:35:08.393161,4,410.95
681,681,681,681,2026-06-09 07:35:08.393193,5,40.78
682,682,682,682,2026-06-04 07:35:08.393227,4,150.55
683,683,683,683,2026-05-15 07:35:08.393259,2,924.86
684,684,684,684,2025-08-27 07:35:08.393291,3,361.42
685,685,685,685,2025-10-09 07:35:08.393325,4,686.64
686,686,686,686,2025-09-26 07:35:08.393358,3,252.16
687,687,687,687,2025-12-28 07:35:08.393390,5,1237.47
688,688,688,688,2026-02-03 07:35:08.393425,3,283.6
689,689,689,689,2025-08-05 07:35:08.393460,2,74.74
690,690,690,690,2026-05-20 07:35:08.393494,1,243.65
691,691,691,691,2026-02-09 07:35:08.393526,4,805.35
692,692,692,692,2025-08-17 07:35:08.393558,4,769.83
693,693,693,693,2026-04-14 07:35:08.393591,4,1460.49
694,694,694,694,2026-07-04 07:35:08.393623,3,490.38
695,695,695,695,2026-07-26 07:35:08.393658,3,148.28
696,696,696,696,2026-07-27 07:35:08.393691,3,64.76
697,697,697,697,2025-11-16 07:35:08.393727,1,1021.8
698,698,698,698,2026-04-04 07:35:08.393759,2,1033.08
699,699,699,699,2026-07-11 07:35:08.393792,4,176.12
700,700,700,700,2025-11-18 07:35:08.393824,1,159.78
701,701,701,701,2026-03-22 07:35:08.393860,4,134.58
702,702,702,702,2025-09-15 07:35:08.393895,3,918.8
703,703,703,703,2026-07-27 07:35:08.393928,2,37.96
704,704,704,704,2025-10-31 07:35:08.393962,4,337.88
705,705,705,705,2025-11-30 07:35:08.393997,1,330.94
706,706,706,706,2025-12-23 07:35:08.394030,4,25.35
707,707,707,707,2025-12-12 07:35:08.394062,4,131.82
708,708,708,708,2025-08-13 07:35:08.394094,2,321.96
709,709,709,709,2026-02-19 07:35:08.394129,1,337.3
710,710,710,710,2025-09-10 07:35:08.394163,4,1091.76
711,711,711,711,2025-08-18 07:35:08.394196,5,304.46
712,712,712,712,2025-10-27 07:35:08.394231,4,1498.59
713,713,713,713,2025-09-17 07:35:08.394267,1,196.97
714,714,714,714,2025-10-07 07:35:08.394301,1,1135.05
715,715,715,715,2026-01-01 07:35:08.394334,4,429.61
716,716,716,716,2026-07-15 07:35:08.394367,1,339.92
717,717,717,717,2026-01-11 07:35:08.394403,1,385.5
718,718,718,718,2025-11-15 07:35:08.394503,1,262.92
719,719,719,719,2026-05-14 07:35:08.394536,1,167.1
720,720,720,720,2026-04-09 07:35:08.394576,3,319.44
721,721,721,721,2026-05-30 07:35:08.394612,1,21.34
722,722,722,722,2025-09-14 07:35:08.394647,1,250.61
723,723,723,723,2025-09-24 07:35:08.394680,1,14.97
724,724,724,724,2025-10-30 07:35:08.394716,1,404.13
725,725,725,725,2026-04-20 07:35:08.394751,1,235.36
726,726,726,726,2026-03-10 07:35:08.394784,4,461.95
727,727,727,727,2026-06-06 07:35:08.394818,5,435.26
728,728,728,728,2025-09-25 07:35:08.394851,5,891.66
729,729,729,729,2026-05-30 07:35:08.394885,1,91.18
730,730,730,730,2025-10-17 07:35:08.394918,3,596.82
731,731,731,731,2025-12-28 07:35:08.394951,1,106.59
732,732,732,732,2026-05-25 07:35:08.394984,4,325.4
733,733,733,733,2026-01-08 07:35:08.395020,1,1093.17
734,734,734,734,2026-06-09 07:35:08.395055,1,483.9
735,735,735,735,2026-07-29 07:35:08.395090,1,106.26
736,736,736,736,2026-05-28 07:35:08.395124,3,93.47
737,737,737,737,2025-11-26 07:35:08.395159,2,334.02
738,738,738,738,2026-04-12 07:35:08.395197,4,972.32
739,739,739,739,2026-05-26 07:35:08.395230,2,464.94
740,740,740,740,2025-09-03 07:35:08.395264,1,217.32
741,741,741,741,2025-10-23 07:35:08.395300,1,486.72
742,742,742,742,2025-12-27 07:35:08.395369,2,287.14
743,743,743,743,2026-04-10 07:35:08.395407,1,63.5
744,744,744,744,2026-04-10 07:35:08.395440,3,705.52
745,745,745,745,2026-03-31 07:35:08.395480,2,201.38
746,746,746,746,2026-06-22 07:35:08.395516,2,727.65
747,747,747,747,2026-04-06 07:35:08.395550,5,96.42
748,748,748,748,2026-01-26 07:35:08.395585,4,370.06
749,749,749,749,2026-04-10 07:35:08.395622,2,692.06
750,750,750,750,2025-09-14 07:35:08.395655,5,107.48
751,751,751,751,2025-10-08 07:35:08.395688,5,1419.54
752,752,752,752,2025-12-05 07:35:08.395720,2,1455.12
753,753,753,753,2026-05-29 07:35:08.395753,1,35.28
754,754,754,754,2025-08-25 07:35:08.395786,5,181.61
755,755,755,755,2025-09-08 07:35:08.395821,4,51.5
756,756,756,756,2025-10-21 07:35:08.395857,2,156.4
757,757,757,757,2025-08-15 07:35:08.395892,3,114.12
758,758,758,758,2025-09-20 07:35:08.395927,3,479.17
759,759,759,759,2025-12-08 07:35:08.395964,1,71.71
760,760,760,760,2025-08-20 07:35:08.395999,5,1045.17
761,761,761,761,2026-07-28 07:35:08.396039,4,1345.74
762,762,762,762,2025-12-16 07:35:08.396080,4,131.13
763,763,763,763,2026-07-20 07:35:08.396113,2,225.17
764,764,764,764,2026-01-24 07:35:08.396145,3,304.24
765,765,765,765,2026-07-14 07:35:08.396244,5,137.72
766,766,766,766,2025-11-05 07:35:08.396277,4,555.9
767,767,767,767,2026-02-26 07:35:08.396312,4,430.75
768,768,768,768,2026-06-27 07:35:08.396345,1,168.8
769,769,769,769,2026-01-16 07:35:08.396380,4,490.85
770,770,770,770,2026-06-06 07:35:08.396413,4,614.4
771,771,771,771,2026-04-24 07:35:08.396447,1,325.74
772,772,772,772,2025-09-06 07:35:08.396479,5,555.64
773,773,773,773,2026-06-21 07:35:08.396512,2,658.44
774,774,774,774,2026-01-13 07:35:08.396546,3,412.45
775,775,775,775,2025-08-31 07:35:08.396579,1,37.76
776,776,776,776,2026-06-30 07:35:08.396611,2,820.42
777,777,777,777,2026-05-26 07:35:08.396644,3,909.27
778,778,778,778,2026-07-18 07:35:08.396676,2,476.01
779,779,779,779,2025-10-23 07:35:08.396708,2,385.18
780,780,780,780,2025-10-30 07:35:08.396746,5,123.7
781,781,781,781,2025-09-24 07:35:08.396780,4,327.84
782,782,782,782,2025-12-16 07:35:08.396812,3,740.52
783,783,783,783,2025-09-16 07:35:08.396845,4,122.3
784,784,784,784,2025-08-08 07:35:08.396877,4,1095.63
785,785,785,785,2026-01-16 07:35:08.396909,4,157.2
786,786,786,786,2026-07-18 07:35:08.396943,5,71.22
787,787,787,787,2026-01-14 07:35:08.396976,3,1395.0
788,788,788,788,2026-03-10 07:35:08.397008,3,238.99
789,789,789,789,2025-08-27 07:35:08.397040,3,666.04
790,790,790,790,2026-06-21 07:35:08.397075,3,967.47
791,791,791,791,2025-08-30 07:35:08.397110,1,121.44
792,792,792,792,2026-03-22 07:35:08.397146,1,1084.53
793,793,793,793,2025-10-12 07:35:08.397181,3,196.38
794,794,794,794,2026-01-21 07:35:08.397214,4,792.4
795,795,795,795,2025-11-13 07:35:08.397247,5,340.89
796,796,796,796,2025-10-15 07:35:08.397279,5,145.32
797,797,797,797,2025-10-10 07:35:08.397312,3,333.01
798,798,798,798,2025-10-18 07:35:08.397347,5,369.07
799,799,799,799,2025-08-20 07:35:08.397380,5,1390.8
800,800,800,800,2026-04-21 07:35:08.397412,2,514.92
801,801,801,801,2026-06-24 07:35:08.397446,2,1308.09
802,802,802,802,2026-06-06 07:35:08.397479,1,175.04
803,803,803,803,2025-11-13 07:35:08.397513,1,353.06
804,804,804,804,2026-04-04 07:35:08.397546,3,193.18
805,805,805,805,2026-04-15 07:35:08.397580,4,594.57
806,806,806,806,2026-03-06 07:35:08.397612,3,432.57
807,807,807,807,2026-01-23 07:35:08.397645,2,904.5
808,808,808,808,2025-11-21 07:35:08.397677,3,356.1
809,809,809,809,2025-11-11 07:35:08.397709,1,260.4
810,810,810,810,2026-07-27 07:35:08.397750,2,333.95
811,811,811,811,2026-06-16 07:35:08.397783,5,1108.32
812,812,812,812,2025-10-06 07:35:08.397816,2,644.7
813,813,813,813,2025-11-27 07:35:08.397912,3,247.68
814,814,814,814,2025-08-09 07:35:08.397946,4,289.02
815,815,815,815,2026-03-20 07:35:08.397978,3,517.34
816,816,816,816,2026-04-09 07:35:08.398010,5,117.28
817,817,817,817,2025-08-05 07:35:08.398044,3,548.98
818,818,818,818,2026-01-21 07:35:08.398076,3,407.62
819,819,819,819,2026-07-19 07:35:08.398110,2,1193.28
820,820,820,820,2025-08-05 07:35:08.398142,4,439.54
821,821,821,821,2026-07-20 07:35:08.398175,3,862.12
822,822,822,822,2026-03-11 07:35:08.398210,4,440.94
823,823,823,823,2026-01-09 07:35:08.398243,2,720.28
824,824,824,824,2025-10-01 07:35:08.398276,2,284.83
825,825,825,825,2026-07-13 07:35:08.398309,3,400.47
826,826,826,826,2025-11-26 07:35:08.398343,5,490.14
827,827,827,827,2026-06-03 07:35:08.398375,1,529.54
828,828,828,828,2025-08-19 07:35:08.398408,3,466.23
829,829,829,829,2025-12-02 07:35:08.398441,4,110.19
830,830,830,830,2026-02-22 07:35:08.398473,2,97.82
831,831,831,831,2026-04-24 07:35:08.398505,3,85.44
832,832,832,832,2026-06-09 07:35:08.398537,2,648.76
833,833,833,833,2025-09-19 07:35:08.398569,4,388.27
834,834,834,834,2026-05-22 07:35:08.398603,5,485.96
835,835,835,835,2026-02-22 07:35:08.398635,5,389.76
836,836,836,836,2025-08-15 07:35:08.398668,1,853.92
837,837,837,837,2026-07-26 07:35:08.398703,2,624.64
838,838,838,838,2025-09-03 07:35:08.398777,3,769.11
839,839,839,839,2025-12-11 07:35:08.398823,4,432.96
840,840,840,840,2025-08-02 07:35:08.398863,1,101.16
841,841,841,841,2025-10-04 07:35:08.398904,3,1276.89
842,842,842,842,2026-03-12 07:35:08.398943,5,367.19
843,843,843,843,2026-06-17 07:35:08.398977,5,363.68
844,844,844,844,2025-09-08 07:35:08.399014,3,966.46
845,845,845,845,2025-10-15 07:35:08.399048,3,391.72
846,846,846,846,2025-09-06 07:35:08.399082,5,110.56
847,847,847,847,2025-11-16 07:35:08.399116,5,979.62
848,848,848,848,2025-10-04 07:35:08.399151,3,526.68
849,849,849,849,2026-06-10 07:35:08.399184,2,175.58
850,850,850,850,2026-03-29 07:35:08.399216,3,902.55
851,851,851,851,2026-01-07 07:35:08.399252,5,62.85
852,852,852,852,2026-06-15 07:35:08.399285,3,73.65
853,853,853,853,2025-12-20 07:35:08.399319,1,472.89
854,854,854,854,2025-08-08 07:35:08.399352,2,357.82
855,855,855,855,2026-03-09 07:35:08.399384,4,1151.67
856,856,856,856,2025-11-17 07:35:08.399416,1,291.9
857,857,857,857,2026-04-30 07:35:08.399448,4,157.95
858,858,858,858,2026-02-04 07:35:08.399485,1,270.42
859,859,859,859,2026-02-26 07:35:08.399520,4,496.42
860,860,860,860,2026-01-16 07:35:08.399555,1,64.72
861,861,861,861,2025-12-08 07:35:08.399661,3,237.73
862,862,862,862,2026-02-15 07:35:08.399698,3,292.74
863,863,863,863,2025-09-10 07:35:08.399730,4,102.36
864,864,864,864,2025-09-08 07:35:08.399763,1,340.06
865,865,865,865,2026-06-21 07:35:08.399799,4,475.68
866,866,866,866,2026-03-13 07:35:08.399832,2,581.86
867,867,867,867,2026-05-26 07:35:08.399864,3,419.04
868,868,868,868,2025-12-08 07:35:08.399897,5,82.44
869,869,869,869,2025-11-18 07:35:08.399929,2,499.86
870,870,870,870,2026-01-23 07:35:08.399961,3,985.24
871,871,871,871,2026-03-08 07:35:08.399997,5,860.4
872,872,872,872,2026-05-11 07:35:08.400029,4,350.91
873,873,873,873,2026-01-12 07:35:08.400064,2,123.52
874,874,874,874,2026-05-04 07:35:08.400096,1,542.02
875,875,875,875,2026-01-03 07:35:08.400129,1,627.52
876,876,876,876,2026-05-10 07:35:08.400161,4,748.1
877,877,877,877,2025-12-08 07:35:08.400195,2,125.28
878,878,878,878,2026-06-26 07:35:08.400227,1,1311.96
879,879,879,879,2026-07-01 07:35:08.400260,3,546.6
880,880,880,880,2026-06-04 07:35:08.400292,2,121.56
881,881,881,881,2025-11-22 07:35:08.400324,2,649.2
882,882,882,882,2026-07-18 07:35:08.400358,2,602.54
883,883,883,883,2026-05-27 07:35:08.400393,2,676.59
884,884,884,884,2025-11-09 07:35:08.400428,4,31.82
885,885,885,885,2025-11-27 07:35:08.400461,2,390.42
886,886,886,886,2025-11-18 07:35:08.400496,4,439.11
887,887,887,887,2025-10-21 07:35:08.400528,5,175.29
888,888,888,888,2025-12-10 07:35:08.400561,2,99.52
889,889,889,889,2025-10-07 07:35:08.400595,4,316.7
890,890,890,890,2025-10-03 07:35:08.400630,2,679.59
891,891,891,891,2026-01-04 07:35:08.400663,5,809.66
892,892,892,892,2026-02-23 07:35:08.400698,4,132.02
893,893,893,893,2025-12-17 07:35:08.400731,3,292.83
894,894,894,894,2025-09-22 07:35:08.400765,2,478.92
895,895,895,895,2025-08-31 07:35:08.400799,5,669.34
896,896,896,896,2025-12-13 07:35:08.400831,3,347.04
897,897,897,897,2026-07-22 07:35:08.400865,2,326.44
898,898,898,898,2025-11-16 07:35:08.400898,4,568.78
899,899,899,899,2025-10-04 07:35:08.400930,4,201.13
900,900,900,900,2026-01-01 07:35:08.400962,2,241.2
901,901,901,901,2025-08-12 07:35:08.400996,1,277.83
902,902,902,902,2025-08-05 07:35:08.401029,3,243.12
903,903,903,903,2026-01-21 07:35:08.401061,1,1252.56
904,904,904,904,2026-06-04 07:35:08.401093,5,320.84
905,905,905,905,2026-04-29 07:35:08.401128,5,476.4
906,906,906,906,2026-02-16 07:35:08.401160,4,153.97
907,907,907,907,2026-04-17 07:35:08.401195,3,463.42
908,908,908,908,2025-08-29 07:35:08.401292,2,477.78
909,909,909,909,2026-07-18 07:35:08.401325,4,1320.12
910,910,910,910,2025-11-14 07:35:08.401357,5,897.63
911,911,911,911,2025-11-29 07:35:08.401389,3,310.74
912,912,912,912,2025-09-01 07:35:08.401421,3,186.59
913,913,913,913,2026-05-02 07:35:08.401455,5,327.21
914,914,914,914,2026-05-12 07:35:08.401487,4,434.51
915,915,915,915,2026-01-06 07:35:08.401520,3,790.82
916,916,916,916,2025-11-05 07:35:08.401553,2,32.78
917,917,917,917,2025-09-08 07:35:08.401586,1,983.7
918,918,918,918,2026-04-22 07:35:08.401618,2,360.99
919,919,919,919,2026-04-28 07:35:08.401652,3,889.18
920,920,920,920,2026-01-15 07:35:08.401684,1,216.79
921,921,921,921,2026-04-26 07:35:08.401717,5,31.48
922,922,922,922,2026-03-23 07:35:08.401749,3,773.14
923,923,923,923,2026-06-13 07:35:08.401782,2,437.98
924,924,924,924,2026-04-29 07:35:08.401816,4,843.36
925,925,925,925,2025-10-28 07:35:08.401851,2,1176.51
926,926,926,926,2026-07-06 07:35:08.401886,4,943.34
927,927,927,927,2025-09-21 07:35:08.401918,5,133.15
928,928,928,928,2026-02-02 07:35:08.401955,1,326.58
929,929,929,929,2025-09-08 07:35:08.401988,1,239.34
930,930,930,930,2026-02-07 07:35:08.402022,3,275.22
931,931,931,931,2025-09-26 07:35:08.402056,5,240.14
932,932,932,932,2025-12-29 07:35:08.402089,3,737.8
933,933,933,933,2025-11-24 07:35:08.402121,5,667.65
934,934,934,934,2026-03-31 07:35:08.402154,3,188.46
935,935,935,935,2025-12-22 07:35:08.402186,1,290.94
936,936,936,936,2026-02-05 07:35:08.402220,3,367.24
937,937,937,937,2026-05-04 07:35:08.402258,4,283.65
938,938,938,938,2025-09-16 07:35:08.402290,4,1373.82
939,939,939,939,2026-07-23 07:35:08.402326,1,448.93
940,940,940,940,2025-09-28 07:35:08.402358,4,701.72
941,941,941,941,2025-12-17 07:35:08.402391,1,289.35
942,942,942,942,2026-03-29 07:35:08.402423,1,677.31
943,943,943,943,2026-03-20 07:35:08.402455,3,850.94
944,944,944,944,2026-05-27 07:35:08.402490,1,1294.11
945,945,945,945,2026-07-04 07:35:08.402522,4,1062.15
946,946,946,946,2025-08-04 07:35:08.402555,2,283.91
947,947,947,947,2025-08-27 07:35:08.402587,4,442.22
948,948,948,948,2026-07-04 07:35:08.402619,3,1470.87
949,949,949,949,2025-09-02 07:35:08.402655,4,1470.27
950,950,950,950,2026-06-12 07:35:08.402690,3,702.48
951,951,951,951,2025-11-05 07:35:08.402722,3,182.09
952,952,952,952,2025-10-14 07:35:08.402754,5,32.32
953,953,953,953,2026-05-02 07:35:08.402786,4,1311.99
954,954,954,954,2026-06-10 07:35:08.402819,4,62.81
955,955,955,955,2026-05-20 07:35:08.402851,2,675.34
956,956,956,956,2025-10-10 07:35:08.402949,5,1005.36
957,957,957,957,2026-06-19 07:35:08.402982,4,472.68
958,958,958,958,2026-04-26 07:35:08.403014,1,775.42
959,959,959,959,2025-10-29 07:35:08.403046,1,99.39
960,960,960,960,2026-02-18 07:35:08.403080,1,702.12
961,961,961,961,2026-03-30 07:35:08.403118,3,451.16
962,962,962,962,2025-09-14 07:35:08.403153,3,136.51
963,963,963,963,2025-09-14 07:35:08.403185,4,410.2
964,964,964,964,2026-02-14 07:35:08.403223,2,1356.27
965,965,965,965,2025-11-19 07:35:08.403256,2,203.5
966,966,966,966,2026-01-23 07:35:08.403288,4,152.91
967,967,967,967,2026-03-25 07:35:08.403320,2,331.56
968,968,968,968,2025-12-19 07:35:08.403355,1,240.74
969,969,969,969,2026-07-23 07:35:08.403387,5,113.37
970,970,970,970,2026-05-31 07:35:08.403419,2,35.04
971,971,971,971,2025-08-16 07:35:08.403453,4,935.58
972,972,972,972,2026-01-14 07:35:08.403486,3,119.68
973,973,973,973,2026-04-16 07:35:08.403528,4,987.74
974,974,974,974,2026-03-28 07:35:08.403567,2,1008.09
975,975,975,975,2026-04-13 07:35:08.403606,4,432.59
976,976,976,976,2025-12-22 07:35:08.403650,2,232.84
977,977,977,977,2025-12-04 07:35:08.403683,2,1179.33
978,978,978,978,2026-02-12 07:35:08.403716,1,104.04
979,979,979,979,2026-05-03 07:35:08.403748,3,591.78
980,980,980,980,2025-08-12 07:35:08.403785,2,280.64
981,981,981,981,2025-12-18 07:35:08.403818,5,731.01
982,982,982,982,2026-02-28 07:35:08.403850,4,444.38
983,983,983,983,2026-03-24 07:35:08.403888,2,53.46
984,984,984,984,2026-07-11 07:35:08.403923,3,480.75
985,985,985,985,2025-12-03 07:35:08.403958,4,739.94
986,986,986,986,2026-04-24 07:35:08.403990,4,355.28
987,987,987,987,2026-03-29 07:35:08.404024,1,21.27
988,988,988,988,2026-06-25 07:35:08.404056,2,49.77
989,989,989,989,2026-06-15 07:35:08.404089,1,155.94
990,990,990,990,2025-09-25 07:35:08.404121,2,486.52
991,991,991,991,2026-06-23 07:35:08.404153,2,139.0
992,992,992,992,2026-02-05 07:35:08.404189,2,774.78
993,993,993,993,2025-12-15 07:35:08.404222,1,118.8
994,994,994,994,2025-11-28 07:35:08.404257,3,732.6
995,995,995,995,2026-02-15 07:35:08.404289,4,61.84
996,996,996,996,2026-05-16 07:35:08.404324,4,792.5
997,997,997,997,2026-07-20 07:35:08.404358,4,403.46
998,998,998,998,2026-07-01 07:35:08.404390,3,474.19
999,999,999,999,2025-09-12 07:35:08.404423,3,751.05
1000,1000,1000,1000,2026-06-29 07:35:08.404455,1,385.88
