product_id,product_name,category,price
1,Laptop 1,Beauty,144.76
2,Keyboard 2,Home,360.85
3,Smartphone 3,Books,57.39
4,Mouse 4,Home,355.24
5,Camera 5,Home,338.39
6,Laptop 6,Home,412.68
7,Headphones 7,Fashion,78.42
8,Headphones 8,Beauty,88.39
9,Camera 9,Electronics,153.82
10,Headphones 10,Fashion,383.63
11,Printer 11,Electronics,489.21
12,Smartwatch 12,Books,497.62
13,Laptop 13,Electronics,356.84
14,Tablet 14,Books,405.67
15,Laptop 15,Books,366.82
16,Keyboard 16,Electronics,34.79
17,Smartwatch 17,Books,149.77
18,Keyboard 18,Sports,87.14
19,Mouse 19,Electronics,215.42
20,Smartphone 20,Electronics,234.56
21,Mouse 21,Beauty,269.18
22,Tablet 22,Beauty,320.78
23,Headphones 23,Beauty,226.5
24,Smartwatch 24,Fashion,450.5
25,Tablet 25,Home,488.34
26,Laptop 26,Books,118.99
27,Keyboard 27,Books,342.96
28,Speaker 28,Sports,492.28
29,Camera 29,Books,44.29
30,Tablet 30,Books,335.82
31,Printer 31,Books,226.66
32,Tablet 32,Home,82.2
33,Tablet 33,Home,331.47
34,Headphones 34,Books,337.11
35,Tablet 35,Beauty,145.88
36,Headphones 36,Home,123.32
37,Mouse 37,Beauty,19.57
38,Printer 38,Electronics,200.54
39,Headphones 39,Books,99.05
40,Keyboard 40,Electronics,499.95
41,Smartphone 41,Sports,474.4
42,Mouse 42,Beauty,454.93
43,Mouse 43,Electronics,180.13
44,Headphones 44,Books,96.31
45,Printer 45,Home,377.73
46,Keyboard 46,Electronics,263.15
47,Smartwatch 47,Home,208.16
48,Smartwatch 48,Fashion,133.19
49,Smartphone 49,Home,155.16
50,Smartphone 50,Electronics,291.29
51,Headphones 51,Home,407.46
52,Printer 52,Fashion,431.48
53,Tablet 53,Home,280.48
54,Smartphone 54,Beauty,124.38
55,Smartphone 55,Electronics,91.3
56,Printer 56,Electronics,303.04
57,Mouse 57,Electronics,383.92
58,Speaker 58,Fashion,167.32
59,Camera 59,Electronics,485.39
60,Laptop 60,Home,140.86
61,Keyboard 61,Books,55.67
62,Tablet 62,Books,280.12
63,Smartwatch 63,Sports,294.16
64,Tablet 64,Sports,197.66
65,Smartphone 65,Books,58.86
66,Camera 66,Beauty,431.08
67,Smartphone 67,Books,489.39
68,Keyboard 68,Books,287.3
69,Printer 69,Fashion,336.75
70,Printer 70,Fashion,107.62
71,Smartwatch 71,Electronics,287.31
72,Smartphone 72,Beauty,326.71
73,Headphones 73,Sports,439.47
74,Speaker 74,Sports,189.23
75,Tablet 75,Books,22.26
76,Smartwatch 76,Books,66.9
77,Smartphone 77,Books,311.67
78,Laptop 78,Books,145.18
79,Mouse 79,Home,43.62
80,Laptop 80,Home,17.28
81,Camera 81,Sports,300.9
82,Printer 82,Beauty,455.75
83,Speaker 83,Sports,269.97
84,Camera 84,Books,205.38
85,Smartphone 85,Beauty,372.01
86,Smartwatch 86,Sports,163.1
87,Speaker 87,Sports,487.53
88,Headphones 88,Home,287.5
89,Camera 89,Fashion,363.58
90,Speaker 90,Fashion,115.63
91,Laptop 91,Home,157.7
92,Keyboard 92,Sports,418.34
93,Smartwatch 93,Electronics,208.47
94,Speaker 94,Fashion,375.44
95,Headphones 95,Home,60.37
96,Camera 96,Home,225.48
97,Camera 97,Fashion,47.6
98,Keyboard 98,Home,479.28
99,Camera 99,Fashion,459.79
100,Smartwatch 100,Fashion,364.63
101,Keyboard 101,Books,325.31
102,Tablet 102,Fashion,474.36
103,Mouse 103,Home,302.65
104,Mouse 104,Fashion,378.67
105,Headphones 105,Home,402.62
106,Printer 106,Sports,82.2
107,Camera 107,Home,23.81
108,Printer 108,Sports,12.57
109,Smartphone 109,Electronics,126.84
110,Laptop 110,Sports,182.88
111,Speaker 111,Books,31.33
112,Headphones 112,Electronics,182.63
113,Smartwatch 113,Home,31.47
114,Camera 114,Electronics,434.24
115,Keyboard 115,Fashion,402.56
116,Mouse 116,Beauty,218.8
117,Laptop 117,Home,425.85
118,Camera 118,Books,383.91
119,Smartwatch 119,Fashion,354.98
120,Smartphone 120,Beauty,484.11
121,Camera 121,Sports,119.88
122,Mouse 122,Electronics,42.22
123,Printer 123,Books,343.25
124,Smartwatch 124,Home,89.36
125,Keyboard 125,Beauty,92.63
126,Tablet 126,Sports,214.13
127,Laptop 127,Home,225.41
128,Camera 128,Home,238.57
129,Mouse 129,Beauty,163.23
130,Mouse 130,Fashion,33.84
131,Speaker 131,Fashion,32.17
132,Headphones 132,Electronics,203.01
133,Printer 133,Sports,233.92
134,Mouse 134,Fashion,242.7
135,Laptop 135,Sports,245.42
136,Speaker 136,Beauty,109.91
137,Headphones 137,Books,456.94
138,Smartwatch 138,Beauty,111.57
139,Headphones 139,Fashion,30.61
140,Headphones 140,Electronics,311.68
141,Headphones 141,Electronics,482.61
142,Keyboard 142,Beauty,364.33
143,Laptop 143,Fashion,288.3
144,Tablet 144,Electronics,172.04
145,Speaker 145,Sports,170.68
146,Smartwatch 146,Sports,364.21
147,Smartphone 147,Beauty,458.9
148,Keyboard 148,Beauty,414.55
149,Mouse 149,Sports,83.43
150,Headphones 150,Sports,213.56
151,Smartphone 151,Sports,497.12
152,Speaker 152,Books,436.11
153,Tablet 153,Electronics,380.53
154,Smartphone 154,Electronics,406.64
155,Tablet 155,Beauty,31.68
156,Tablet 156,Fashion,439.37
157,Camera 157,Beauty,338.96
158,Printer 158,Electronics,285.57
159,Keyboard 159,Beauty,416.41
160,Tablet 160,Fashion,158.56
161,Smartwatch 161,Books,238.46
162,Mouse 162,Home,373.21
163,Keyboard 163,Beauty,472.3
164,Keyboard 164,Beauty,479.05
165,Tablet 165,Sports,233.44
166,Keyboard 166,Beauty,144.62
167,Camera 167,Fashion,399.52
168,Smartphone 168,Books,195.84
169,Tablet 169,Home,451.62
170,Speaker 170,Electronics,156.65
171,Laptop 171,Electronics,224.17
172,Speaker 172,Home,343.05
173,Speaker 173,Fashion,186.74
174,Smartphone 174,Electronics,53.91
175,Speaker 175,Home,78.03
176,Tablet 176,Beauty,316.27
177,Smartwatch 177,Fashion,305.57
178,Camera 178,Electronics,466.71
179,Speaker 179,Beauty,254.66
180,Keyboard 180,Electronics,397.45
181,Camera 181,Books,61.91
182,Camera 182,Electronics,246.56
183,Smartphone 183,Books,363.78
184,Keyboard 184,Home,280.44
185,Printer 185,Sports,220.48
186,Smartwatch 186,Beauty,432.69
187,Mouse 187,Sports,51.53
188,Speaker 188,Home,248.47
189,Headphones 189,Home,409.46
190,Laptop 190,Fashion,120.17
191,Keyboard 191,Electronics,382.4
192,Smartphone 192,Home,112.84
193,Keyboard 193,Fashion,302.46
194,Smartwatch 194,Beauty,72.18
195,Speaker 195,Books,47.0
196,Printer 196,Beauty,335.43
197,Mouse 197,Books,396.27
198,Headphones 198,Beauty,157.91
199,Speaker 199,Beauty,54.69
200,Smartphone 200,Books,350.08
201,Smartphone 201,Sports,286.01
202,Mouse 202,Beauty,198.18
203,Laptop 203,Beauty,439.16
204,Mouse 204,Electronics,268.86
205,Laptop 205,Sports,43.09
206,Smartwatch 206,Electronics,161.85
207,Tablet 207,Electronics,463.07
208,Headphones 208,Books,476.98
209,Printer 209,Books,260.28
210,Laptop 210,Electronics,129.83
211,Smartwatch 211,Electronics,290.05
212,Smartphone 212,Sports,233.81
213,Headphones 213,Electronics,466.87
214,Printer 214,Electronics,486.55
215,Speaker 215,Electronics,300.03
216,Tablet 216,Electronics,472.34
217,Tablet 217,Books,161.07
218,Smartphone 218,Beauty,131.63
219,Smartphone 219,Books,59.93
220,Smartphone 220,Electronics,498.61
221,Speaker 221,Books,24.45
222,Printer 222,Books,442.56
223,Speaker 223,Beauty,185.96
224,Laptop 224,Books,269.42
225,Headphones 225,Home,125.91
226,Keyboard 226,Fashion,96.02
227,Camera 227,Beauty,96.96
228,Mouse 228,Electronics,174.91
229,Tablet 229,Beauty,298.59
230,Headphones 230,Sports,165.93
231,Camera 231,Books,15.58
232,Speaker 232,Books,442.07
233,Laptop 233,Fashion,137.95
234,Laptop 234,Books,471.8
235,Smartwatch 235,Fashion,126.4
236,Tablet 236,Electronics,22.61
237,Headphones 237,Fashion,443.89
238,Smartphone 238,Beauty,178.46
239,Printer 239,Fashion,48.69
240,Laptop 240,Books,48.4
241,Smartwatch 241,Sports,234.5
242,Smartphone 242,Sports,391.98
243,Speaker 243,Home,312.94
244,Smartwatch 244,Books,430.54
245,Tablet 245,Books,113.58
246,Headphones 246,Home,438.84
247,Smartphone 247,Beauty,24.98
248,Smartwatch 248,Electronics,199.42
249,Printer 249,Home,327.21
250,Mouse 250,Electronics,13.6
251,Smartwatch 251,Fashion,331.5
252,Smartwatch 252,Fashion,454.39
253,Keyboard 253,Fashion,424.26
254,Tablet 254,Beauty,437.0
255,Printer 255,Home,255.23
256,Camera 256,Beauty,98.37
257,Printer 257,Electronics,73.41
258,Keyboard 258,Home,18.78
259,Laptop 259,Fashion,474.75
260,Speaker 260,Electronics,121.92
261,Keyboard 261,Sports,33.81
262,Headphones 262,Home,350.64
263,Smartwatch 263,Electronics,394.53
264,Printer 264,Fashion,124.91
265,Printer 265,Fashion,139.42
266,Headphones 266,Beauty,327.13
267,Smartwatch 267,Books,348.05
268,Mouse 268,Beauty,224.7
269,Laptop 269,Beauty,435.48
270,Camera 270,Beauty,341.38
271,Printer 271,Fashion,128.04
272,Printer 272,Books,164.87
273,Keyboard 273,Sports,111.36
274,Printer 274,Electronics,57.74
275,Headphones 275,Beauty,373.83
276,Laptop 276,Beauty,420.36
277,Mouse 277,Books,462.94
278,Mouse 278,Beauty,383.56
279,Keyboard 279,Fashion,358.82
280,Camera 280,Sports,245.38
281,Tablet 281,Fashion,377.59
282,Mouse 282,Beauty,372.35
283,Speaker 283,Beauty,163.2
284,Smartwatch 284,Books,96.94
285,Laptop 285,Fashion,238.5
286,Keyboard 286,Home,478.92
287,Camera 287,Fashion,153.85
288,Laptop 288,Beauty,443.97
289,Printer 289,Electronics,155.25
290,Speaker 290,Electronics,110.73
291,Keyboard 291,Electronics,291.73
292,Mouse 292,Electronics,380.42
293,Speaker 293,Beauty,25.1
294,Laptop 294,Sports,438.64
295,Tablet 295,Books,453.76
296,Keyboard 296,Electronics,152.42
297,Tablet 297,Fashion,248.07
298,Camera 298,Home,394.97
299,Mouse 299,Electronics,422.48
300,Mouse 300,Home,454.09
301,Keyboard 301,Sports,54.37
302,Printer 302,Fashion,29.81
303,Laptop 303,Beauty,168.79
304,Keyboard 304,Fashion,194.4
305,Keyboard 305,Beauty,147.6
306,Printer 306,Home,299.49
307,Laptop 307,Home,136.55
308,Headphones 308,Home,416.88
309,Speaker 309,Home,63.2
310,Keyboard 310,Sports,378.67
311,Tablet 311,Books,396.88
312,Mouse 312,Sports,210.24
313,Speaker 313,Fashion,62.23
314,Speaker 314,Sports,394.06
315,Tablet 315,Books,393.72
316,Headphones 316,Books,463.67
317,Mouse 317,Electronics,473.4
318,Mouse 318,Home,340.27
319,Smartphone 319,Electronics,279.3
320,Keyboard 320,Electronics,256.55
321,Printer 321,Beauty,235.75
322,Smartwatch 322,Home,150.77
323,Tablet 323,Books,371.19
324,Printer 324,Sports,13.25
325,Speaker 325,Home,377.58
326,Keyboard 326,Books,164.67
327,Smartwatch 327,Books,479.68
328,Mouse 328,Beauty,122.0
329,Printer 329,Home,497.83
330,Printer 330,Beauty,57.19
331,Mouse 331,Sports,328.43
332,Headphones 332,Home,323.88
333,Smartwatch 333,Sports,325.88
334,Smartphone 334,Home,91.79
335,Speaker 335,Fashion,122.38
336,Printer 336,Sports,468.08
337,Keyboard 337,Beauty,323.37
338,Laptop 338,Sports,409.54
339,Laptop 339,Sports,193.09
340,Keyboard 340,Sports,405.71
341,Mouse 341,Books,143.35
342,Laptop 342,Home,54.2
343,Smartwatch 343,Books,44.98
344,Printer 344,Beauty,387.79
345,Tablet 345,Fashion,444.88
346,Laptop 346,Sports,393.9
347,Laptop 347,Fashion,325.84
348,Smartwatch 348,Electronics,247.8
349,Mouse 349,Sports,88.57
350,Mouse 350,Home,167.14
351,Camera 351,Electronics,57.17
352,Printer 352,Sports,315.75
353,Keyboard 353,Beauty,469.74
354,Smartphone 354,Beauty,123.2
355,Mouse 355,Fashion,340.5
356,Camera 356,Fashion,279.54
357,Camera 357,Books,229.27
358,Camera 358,Electronics,388.05
359,Camera 359,Sports,132.43
360,Mouse 360,Beauty,157.19
361,Speaker 361,Electronics,159.34
362,Mouse 362,Sports,257.32
363,Smartphone 363,Books,255.89
364,Tablet 364,Electronics,140.47
365,Smartwatch 365,Home,493.95
366,Tablet 366,Sports,464.1
367,Keyboard 367,Sports,377.67
368,Mouse 368,Fashion,36.01
369,Camera 369,Books,434.72
370,Headphones 370,Electronics,179.92
371,Headphones 371,Fashion,449.62
372,Mouse 372,Fashion,230.09
373,Speaker 373,Home,331.55
374,Smartwatch 374,Books,375.35
375,Mouse 375,Home,123.15
376,Printer 376,Home,90.26
377,Camera 377,Books,444.92
378,Keyboard 378,Electronics,231.29
379,Tablet 379,Fashion,225.38
380,Printer 380,Electronics,364.1
381,Printer 381,Electronics,132.54
382,Speaker 382,Sports,196.5
383,Smartwatch 383,Beauty,98.54
384,Tablet 384,Home,298.54
385,Laptop 385,Home,82.65
386,Smartwatch 386,Sports,333.85
387,Keyboard 387,Electronics,153.49
388,Printer 388,Beauty,347.44
389,Printer 389,Home,443.0
390,Camera 390,Fashion,284.6
391,Camera 391,Fashion,204.06
392,Keyboard 392,Fashion,236.61
393,Camera 393,Electronics,485.11
394,Laptop 394,Fashion,212.8
395,Smartphone 395,Books,257.94
396,Tablet 396,Beauty,27.91
397,Keyboard 397,Beauty,375.32
398,Smartwatch 398,Home,87.17
399,Mouse 399,Home,93.92
400,Smartphone 400,Books,202.04
401,Smartphone 401,Books,162.09
402,Printer 402,Books,24.83
403,Camera 403,Sports,328.23
404,Camera 404,Home,408.82
405,Smartphone 405,Sports,302.08
406,Printer 406,Beauty,333.48
407,Tablet 407,Home,343.94
408,Headphones 408,Fashion,40.58
409,Speaker 409,Books,196.97
410,Headphones 410,Electronics,45.16
411,Mouse 411,Home,232.65
412,Keyboard 412,Fashion,211.31
413,Keyboard 413,Fashion,237.82
414,Mouse 414,Electronics,452.76
415,Mouse 415,Fashion,40.09
416,Smartwatch 416,Fashion,74.94
417,Tablet 417,Books,98.6
418,Tablet 418,Sports,369.84
419,Speaker 419,Beauty,355.75
420,Smartphone 420,Sports,322.34
421,Mouse 421,Home,264.78
422,Tablet 422,Beauty,148.82
423,Mouse 423,Home,194.22
424,Camera 424,Fashion,89.36
425,Mouse 425,Books,97.44
426,Smartphone 426,Sports,366.5
427,Keyboard 427,Beauty,470.56
428,Camera 428,Beauty,158.39
429,Speaker 429,Beauty,103.59
430,Printer 430,Books,40.87
431,Keyboard 431,Home,373.12
432,Laptop 432,Home,320.0
433,Smartphone 433,Home,218.84
434,Smartwatch 434,Home,381.2
435,Headphones 435,Electronics,441.02
436,Keyboard 436,Books,211.9
437,Speaker 437,Electronics,283.28
438,Smartwatch 438,Electronics,104.92
439,Smartwatch 439,Fashion,312.24
440,Mouse 440,Sports,169.73
441,Tablet 441,Electronics,240.79
442,Camera 442,Fashion,109.08
443,Smartwatch 443,Sports,86.83
444,Laptop 444,Beauty,219.77
445,Keyboard 445,Electronics,218.59
446,Headphones 446,Fashion,154.94
447,Speaker 447,Home,397.03
448,Smartwatch 448,Beauty,473.59
449,Camera 449,Books,313.38
450,Mouse 450,Beauty,112.8
451,Printer 451,Beauty,270.63
452,Smartphone 452,Home,145.21
453,Smartwatch 453,Home,40.85
454,Printer 454,Fashion,287.95
455,Keyboard 455,Fashion,99.32
456,Camera 456,Home,110.53
457,Printer 457,Home,474.42
458,Mouse 458,Beauty,454.37
459,Printer 459,Fashion,55.32
460,Keyboard 460,Books,105.28
461,Camera 461,Fashion,488.99
462,Headphones 462,Home,158.58
463,Tablet 463,Home,417.82
464,Smartwatch 464,Fashion,478.45
465,Mouse 465,Beauty,187.26
466,Mouse 466,Electronics,81.61
467,Smartwatch 467,Fashion,269.51
468,Smartwatch 468,Beauty,352.0
469,Headphones 469,Electronics,116.76
470,Headphones 470,Electronics,244.96
471,Headphones 471,Beauty,79.76
472,Tablet 472,Electronics,26.07
473,Headphones 473,Beauty,182.25
474,Smartphone 474,Sports,383.99
475,Mouse 475,Home,225.44
476,Printer 476,Electronics,264.67
477,Mouse 477,Beauty,162.88
478,Smartphone 478,Books,224.65
479,Mouse 479,Books,70.15
480,Keyboard 480,Fashion,82.21
481,Laptop 481,Home,197.49
482,Printer 482,Sports,138.22
483,Printer 483,Electronics,26.1
484,Printer 484,Sports,428.63
485,Headphones 485,Fashion,180.95
486,Tablet 486,Home,327.56
487,Mouse 487,Sports,451.69
488,Tablet 488,Fashion,253.4
489,Mouse 489,Books,404.26
490,Smartphone 490,Beauty,413.63
491,Laptop 491,Beauty,354.63
492,Keyboard 492,Home,188.49
493,Smartwatch 493,Beauty,88.69
494,Laptop 494,Home,88.09
495,Mouse 495,Fashion,434.91
496,Keyboard 496,Beauty,416.2
497,Speaker 497,Home,80.7
498,Keyboard 498,Books,242.68
499,Laptop 499,Beauty,459.55
500,Smartwatch 500,Electronics,468.8
501,Speaker 501,Fashion,361.52
502,Printer 502,Beauty,23.4
503,Smartphone 503,Home,132.31
504,Tablet 504,Electronics,213.1
505,Tablet 505,Fashion,353.62
506,Keyboard 506,Books,388.95
507,Speaker 507,Home,304.04
508,Camera 508,Sports,345.29
509,Smartphone 509,Electronics,282.93
510,Smartwatch 510,Books,338.92
511,Smartphone 511,Fashion,358.03
512,Keyboard 512,Fashion,223.53
513,Laptop 513,Books,137.51
514,Smartphone 514,Fashion,55.85
515,Speaker 515,Electronics,130.62
516,Headphones 516,Electronics,49.72
517,Tablet 517,Electronics,402.76
518,Laptop 518,Home,89.84
519,Camera 519,Sports,107.94
520,Smartphone 520,Electronics,261.54
521,Smartwatch 521,Home,492.25
522,Speaker 522,Electronics,237.68
523,Speaker 523,Beauty,155.85
524,Smartphone 524,Books,271.84
525,Mouse 525,Sports,186.76
526,Printer 526,Beauty,81.13
527,Headphones 527,Beauty,354.27
528,Speaker 528,Books,371.17
529,Speaker 529,Sports,164.77
530,Headphones 530,Fashion,365.84
531,Speaker 531,Books,418.21
532,Mouse 532,Books,59.44
533,Headphones 533,Sports,25.67
534,Keyboard 534,Fashion,449.2
535,Smartphone 535,Home,456.38
536,Tablet 536,Books,485.12
537,Tablet 537,Home,379.07
538,Laptop 538,Beauty,405.06
539,Keyboard 539,Fashion,215.46
540,Keyboard 540,Sports,396.29
541,Keyboard 541,Sports,149.12
542,Speaker 542,Sports,64.12
543,Printer 543,Fashion,491.65
544,Camera 544,Books,58.01
545,Mouse 545,Sports,264.28
546,Printer 546,Home,484.34
547,Smartphone 547,Fashion,290.16
548,Laptop 548,Fashion,445.64
549,Mouse 549,Books,451.14
550,Smartphone 550,Sports,335.61
551,Mouse 551,Beauty,400.12
552,Printer 552,Sports,449.46
553,Speaker 553,Sports,32.04
554,Smartwatch 554,Home,99.51
555,Smartphone 555,Fashion,79.81
556,Smartphone 556,Fashion,39.71
557,Tablet 557,Sports,329.26
558,Keyboard 558,Books,481.06
559,Camera 559,Beauty,114.25
560,Speaker 560,Home,309.12
561,Printer 561,Sports,170.94
562,Speaker 562,Sports,49.76
563,Smartphone 563,Books,191.54
564,Tablet 564,Home,490.26
565,Headphones 565,Sports,104.95
566,Keyboard 566,Sports,133.93
567,Camera 567,Sports,381.92
568,Tablet 568,Beauty,217.67
569,Smartwatch 569,Home,62.84
570,Mouse 570,Electronics,51.91
571,Smartphone 571,Beauty,37.34
572,Printer 572,Books,441.17
573,Mouse 573,Home,453.14
574,Headphones 574,Fashion,296.42
575,Laptop 575,Home,258.48
576,Mouse 576,Sports,481.9
577,Mouse 577,Home,127.12
578,Headphones 578,Fashion,225.8
579,Headphones 579,Home,20.53
580,Camera 580,Beauty,93.97
581,Tablet 581,Electronics,383.91
582,Smartphone 582,Books,397.59
583,Printer 583,Books,141.48
584,Speaker 584,Sports,87.03
585,Speaker 585,Books,239.1
586,Smartphone 586,Fashion,422.88
587,Smartwatch 587,Fashion,375.15
588,Mouse 588,Beauty,15.83
589,Camera 589,Electronics,163.41
590,Laptop 590,Books,407.1
591,Headphones 591,Fashion,288.41
592,Smartphone 592,Home,61.11
593,Keyboard 593,Electronics,232.79
594,Speaker 594,Home,73.67
595,Smartwatch 595,Home,13.65
596,Smartwatch 596,Beauty,441.69
597,Printer 597,Books,456.31
598,Printer 598,Books,496.27
599,Laptop 599,Electronics,323.04
600,Printer 600,Books,236.06
601,Smartphone 601,Sports,373.31
602,Printer 602,Beauty,33.4
603,Tablet 603,Electronics,17.86
604,Camera 604,Sports,317.13
605,Laptop 605,Books,114.26
606,Smartphone 606,Beauty,272.73
607,Printer 607,Electronics,174.2
608,Tablet 608,Beauty,219.96
609,Mouse 609,Books,372.24
610,Tablet 610,Home,274.26
611,Smartphone 611,Home,35.53
612,Smartwatch 612,Home,363.62
613,Camera 613,Books,195.08
614,Keyboard 614,Beauty,96.09
615,Headphones 615,Home,12.05
616,Speaker 616,Sports,89.56
617,Tablet 617,Books,26.91
618,Laptop 618,Electronics,387.78
619,Mouse 619,Fashion,369.63
620,Laptop 620,Electronics,44.22
621,Keyboard 621,Electronics,230.82
622,Smartphone 622,Fashion,52.0
623,Mouse 623,Electronics,57.45
624,Tablet 624,Fashion,335.89
625,Tablet 625,Fashion,231.44
626,Printer 626,Home,307.31
627,Keyboard 627,Sports,394.58
628,Tablet 628,Home,379.09
629,Headphones 629,Sports,320.44
630,Keyboard 630,Books,406.14
631,Headphones 631,Fashion,477.49
632,Smartphone 632,Books,14.5
633,Mouse 633,Fashion,161.36
634,Headphones 634,Beauty,113.2
635,Camera 635,Books,342.17
636,Smartphone 636,Home,168.48
637,Tablet 637,Home,404.14
638,Smartphone 638,Fashion,487.34
639,Tablet 639,Books,249.43
640,Smartphone 640,Electronics,50.49
641,Speaker 641,Books,499.98
642,Keyboard 642,Sports,393.9
643,Camera 643,Electronics,29.18
644,Speaker 644,Beauty,10.04
645,Smartphone 645,Beauty,411.68
646,Smartphone 646,Sports,134.93
647,Tablet 647,Beauty,192.35
648,Keyboard 648,Books,42.32
649,Smartphone 649,Electronics,96.11
650,Headphones 650,Fashion,473.79
651,Headphones 651,Home,195.61
652,Printer 652,Sports,150.54
653,Smartphone 653,Beauty,127.62
654,Printer 654,Books,262.36
655,Mouse 655,Books,482.68
656,Tablet 656,Sports,426.88
657,Printer 657,Sports,425.69
658,Camera 658,Electronics,59.66
659,Printer 659,Books,193.41
660,Camera 660,Beauty,107.25
661,Smartphone 661,Books,249.64
662,Headphones 662,Fashion,255.0
663,Tablet 663,Sports,84.72
664,Tablet 664,Sports,318.16
665,Speaker 665,Books,267.24
666,Speaker 666,Home,166.72
667,Printer 667,Fashion,173.8
668,Tablet 668,Beauty,145.21
669,Smartphone 669,Sports,313.32
670,Camera 670,Books,318.63
671,Laptop 671,Sports,39.79
672,Mouse 672,Fashion,111.39
673,Smartwatch 673,Sports,68.36
674,Tablet 674,Sports,66.93
675,Laptop 675,Beauty,409.8
676,Mouse 676,Sports,111.02
677,Headphones 677,Books,55.91
678,Speaker 678,Beauty,307.83
679,Speaker 679,Books,20.15
680,Keyboard 680,Beauty,410.95
681,Keyboard 681,Electronics,20.39
682,Camera 682,Beauty,150.55
683,Smartphone 683,Fashion,462.43
684,Mouse 684,Fashion,180.71
685,Headphones 685,Books,228.88
686,Camera 686,Fashion,252.16
687,Keyboard 687,Sports,412.49
688,Laptop 688,Fashion,283.6
689,Tablet 689,Home,37.37
690,Mouse 690,Electronics,243.65
691,Headphones 691,Beauty,268.45
692,Mouse 692,Home,256.61
693,Headphones 693,Fashion,486.83
694,Printer 694,Books,163.46
695,Laptop 695,Home,148.28
696,Mouse 696,Books,32.38
697,Headphones 697,Beauty,340.6
698,Headphones 698,Home,344.36
699,Printer 699,Home,176.12
700,Smartphone 700,Electronics,79.89
701,Camera 701,Electronics,44.86
702,Speaker 702,Sports,459.4
703,Mouse 703,Beauty,37.96
704,Speaker 704,Books,337.88
705,Camera 705,Electronics,165.47
706,Camera 706,Sports,25.35
707,Smartphone 707,Home,43.94
708,Smartwatch 708,Home,107.32
709,Smartphone 709,Beauty,337.3
710,Smartwatch 710,Sports,363.92
711,Keyboard 711,Home,304.46
712,Printer 712,Beauty,499.53
713,Keyboard 713,Books,196.97
714,Printer 714,Beauty,378.35
715,Smartphone 715,Home,429.61
716,Smartwatch 716,Books,339.92
717,Mouse 717,Books,128.5
718,Camera 718,Sports,87.64
719,Tablet 719,Electronics,55.7
720,Printer 720,Beauty,319.44
721,Headphones 721,Beauty,21.34
722,Speaker 722,Electronics,250.61
723,Headphones 723,Fashion,14.97
724,Keyboard 724,Beauty,134.71
725,Camera 725,Home,117.68
726,Keyboard 726,Books,461.95
727,Speaker 727,Books,217.63
728,Printer 728,Home,445.83
729,Camera 729,Home,45.59
730,Keyboard 730,Electronics,198.94
731,Camera 731,Home,106.59
732,Smartwatch 732,Electronics,325.4
733,Smartphone 733,Books,364.39
734,Printer 734,Beauty,483.9
735,Tablet 735,Home,53.13
736,Smartwatch 736,Beauty,93.47
737,Mouse 737,Books,334.02
738,Smartphone 738,Electronics,486.16
739,Smartwatch 739,Beauty,232.47
740,Smartphone 740,Fashion,217.32
741,Smartwatch 741,Electronics,243.36
742,Laptop 742,Books,143.57
743,Keyboard 743,Books,63.5
744,Tablet 744,Sports,352.76
745,Laptop 745,Electronics,100.69
746,Laptop 746,Beauty,242.55
747,Printer 747,Electronics,32.14
748,Printer 748,Books,370.06
749,Smartphone 749,Fashion,346.03
750,Tablet 750,Beauty,53.74
751,Mouse 751,Books,473.18
752,Smartwatch 752,Electronics,485.04
753,Smartphone 753,Fashion,17.64
754,Smartwatch 754,Home,181.61
755,Smartwatch 755,Home,25.75
756,Camera 756,Sports,78.2
757,Speaker 757,Books,57.06
758,Keyboard 758,Electronics,479.17
759,Laptop 759,Books,71.71
760,Mouse 760,Books,348.39
761,Headphones 761,Home,448.58
762,Keyboard 762,Electronics,131.13
763,Mouse 763,Beauty,225.17
764,Printer 764,Books,152.12
765,Smartwatch 765,Books,68.86
766,Laptop 766,Home,185.3
767,Printer 767,Beauty,430.75
768,Headphones 768,Beauty,168.8
769,Camera 769,Home,490.85
770,Printer 770,Fashion,307.2
771,Smartwatch 771,Home,108.58
772,Speaker 772,Sports,277.82
773,Smartphone 773,Books,219.48
774,Laptop 774,Home,412.45
775,Speaker 775,Sports,37.76
776,Tablet 776,Sports,410.21
777,Smartphone 777,Books,303.09
778,Speaker 778,Books,158.67
779,Laptop 779,Books,385.18
780,Laptop 780,Home,123.7
781,Smartwatch 781,Electronics,163.92
782,Printer 782,Beauty,370.26
783,Keyboard 783,Sports,61.15
784,Smartphone 784,Fashion,365.21
785,Mouse 785,Books,157.2
786,Speaker 786,Sports,35.61
787,Speaker 787,Beauty,465.0
788,Headphones 788,Books,238.99
789,Camera 789,Fashion,333.02
790,Camera 790,Books,322.49
791,Printer 791,Home,121.44
792,Laptop 792,Sports,361.51
793,Keyboard 793,Books,65.46
794,Camera 794,Sports,396.2
795,Smartphone 795,Sports,113.63
796,Speaker 796,Beauty,48.44
797,Mouse 797,Books,333.01
798,Tablet 798,Books,369.07
799,Mouse 799,Home,463.6
800,Speaker 800,Books,257.46
801,Smartphone 801,Home,436.03
802,Smartwatch 802,Electronics,175.04
803,Smartwatch 803,Books,353.06
804,Camera 804,Books,96.59
805,Smartwatch 805,Fashion,198.19
806,Smartphone 806,Fashion,144.19
807,Laptop 807,Sports,452.25
808,Smartphone 808,Beauty,356.1
809,Smartphone 809,Fashion,86.8
810,Tablet 810,Sports,333.95
811,Printer 811,Home,369.44
812,Headphones 812,Electronics,214.9
813,Smartwatch 813,Beauty,247.68
814,Speaker 814,Electronics,96.34
815,Smartwatch 815,Fashion,258.67
816,Printer 816,Beauty,117.28
817,Headphones 817,Sports,274.49
818,Headphones 818,Sports,203.81
819,Keyboard 819,Books,397.76
820,Headphones 820,Beauty,439.54
821,Tablet 821,Sports,431.06
822,Speaker 822,Fashion,220.47
823,Camera 823,Sports,360.14
824,Smartphone 824,Electronics,284.83
825,Laptop 825,Books,133.49
826,Keyboard 826,Books,163.38
827,Laptop 827,Home,264.77
828,Speaker 828,Electronics,155.41
829,Keyboard 829,Beauty,110.19
830,Camera 830,Books,97.82
831,Mouse 831,Home,42.72
832,Keyboard 832,Sports,324.38
833,Camera 833,Sports,388.27
834,Headphones 834,Home,242.98
835,Keyboard 835,Books,194.88
836,Headphones 836,Books,284.64
837,Speaker 837,Home,312.32
838,Camera 838,Fashion,256.37
839,Mouse 839,Electronics,432.96
840,Headphones 840,Home,50.58
841,Camera 841,Beauty,425.63
842,Keyboard 842,Home,367.19
843,Smartwatch 843,Sports,181.84
844,Mouse 844,Beauty,483.23
845,Smartwatch 845,Electronics,195.86
846,Printer 846,Fashion,55.28
847,Speaker 847,Fashion,326.54
848,Laptop 848,Electronics,263.34
849,Camera 849,Electronics,87.79
850,Mouse 850,Books,300.85
851,Tablet 851,Sports,62.85
852,Mouse 852,Home,73.65
853,Tablet 853,Home,157.63
854,Printer 854,Home,178.91
855,Headphones 855,Fashion,383.89
856,Tablet 856,Sports,97.3
857,Laptop 857,Home,157.95
858,Speaker 858,Home,90.14
859,Printer 859,Electronics,248.21
860,Keyboard 860,Fashion,64.72
861,Speaker 861,Electronics,237.73
862,Keyboard 862,Fashion,97.58
863,Tablet 863,Home,51.18
864,Laptop 864,Electronics,170.03
865,Laptop 865,Home,475.68
866,Laptop 866,Fashion,290.93
867,Smartwatch 867,Electronics,209.52
868,Camera 868,Home,41.22
869,Camera 869,Fashion,166.62
870,Printer 870,Sports,492.62
871,Mouse 871,Fashion,286.8
872,Smartphone 872,Books,116.97
873,Camera 873,Beauty,61.76
874,Smartwatch 874,Electronics,271.01
875,Headphones 875,Sports,313.76
876,Camera 876,Electronics,374.05
877,Headphones 877,Fashion,41.76
878,Mouse 878,Fashion,437.32
879,Smartwatch 879,Beauty,273.3
880,Speaker 880,Electronics,60.78
881,Smartphone 881,Fashion,324.6
882,Mouse 882,Fashion,301.27
883,Printer 883,Beauty,225.53
884,Headphones 884,Sports,15.91
885,Keyboard 885,Fashion,195.21
886,Tablet 886,Home,146.37
887,Speaker 887,Beauty,58.43
888,Smartwatch 888,Beauty,99.52
889,Headphones 889,Sports,158.35
890,Printer 890,Electronics,226.53
891,Tablet 891,Sports,404.83
892,Smartwatch 892,Sports,132.02
893,Printer 893,Home,97.61
894,Smartwatch 894,Sports,159.64
895,Headphones 895,Sports,334.67
896,Headphones 896,Fashion,173.52
897,Speaker 897,Fashion,326.44
898,Camera 898,Sports,284.39
899,Laptop 899,Beauty,201.13
900,Smartwatch 900,Electronics,241.2
901,Camera 901,Sports,277.83
902,Camera 902,Books,121.56
903,Printer 903,Electronics,417.52
904,Mouse 904,Fashion,320.84
905,Speaker 905,Fashion,238.2
906,Speaker 906,Sports,153.97
907,Tablet 907,Sports,463.42
908,Keyboard 908,Fashion,477.78
909,Laptop 909,Home,440.04
910,Tablet 910,Books,299.21
911,Camera 911,Books,103.58
912,Smartphone 912,Fashion,186.59
913,Smartwatch 913,Beauty,327.21
914,Mouse 914,Home,434.51
915,Camera 915,Electronics,395.41
916,Headphones 916,Books,32.78
917,Printer 917,Books,491.85
918,Mouse 918,Beauty,360.99
919,Speaker 919,Fashion,444.59
920,Headphones 920,Fashion,216.79
921,Speaker 921,Fashion,15.74
922,Smartwatch 922,Beauty,386.57
923,Smartphone 923,Fashion,218.99
924,Printer 924,Books,281.12
925,Keyboard 925,Sports,392.17
926,Headphones 926,Sports,471.67
927,Laptop 927,Electronics,133.15
928,Speaker 928,Home,326.58
929,Tablet 929,Books,79.78
930,Smartwatch 930,Electronics,275.22
931,Printer 931,Fashion,120.07
932,Smartwatch 932,Beauty,368.9
933,Tablet 933,Sports,222.55
934,Laptop 934,Sports,62.82
935,Printer 935,Books,290.94
936,Speaker 936,Electronics,367.24
937,Headphones 937,Home,283.65
938,Smartwatch 938,Electronics,457.94
939,Camera 939,Books,448.93
940,Speaker 940,Sports,350.86
941,Smartwatch 941,Sports,289.35
942,Tablet 942,Home,225.77
943,Speaker 943,Home,425.47
944,Headphones 944,Fashion,431.37
945,Camera 945,Beauty,354.05
946,Keyboard 946,Books,283.91
947,Mouse 947,Books,221.11
948,Headphones 948,Sports,490.29
949,Tablet 949,Home,490.09
950,Speaker 950,Books,351.24
951,Tablet 951,Home,182.09
952,Laptop 952,Sports,16.16
953,Camera 953,Electronics,437.33
954,Smartwatch 954,Fashion,62.81
955,Printer 955,Electronics,337.67
956,Keyboard 956,Electronics,335.12
957,Tablet 957,Fashion,472.68
958,Printer 958,Fashion,387.71
959,Keyboard 959,Electronics,33.13
960,Tablet 960,Electronics,234.04
961,Speaker 961,Home,451.16
962,Mouse 962,Beauty,136.51
963,Smartwatch 963,Home,410.2
964,Smartphone 964,Home,452.09
965,Smartphone 965,Electronics,203.5
966,Speaker 966,Home,50.97
967,Tablet 967,Beauty,165.78
968,Keyboard 968,Electronics,120.37
969,Keyboard 969,Fashion,37.79
970,Laptop 970,Books,11.68
971,Smartwatch 971,Beauty,311.86
972,Keyboard 972,Fashion,119.68
973,Keyboard 973,Home,493.87
974,Camera 974,Fashion,336.03
975,Printer 975,Sports,432.59
976,Laptop 976,Home,116.42
977,Speaker 977,Sports,393.11
978,Smartphone 978,Electronics,52.02
979,Mouse 979,Fashion,295.89
980,Headphones 980,Sports,280.64
981,Printer 981,Books,243.67
982,Camera 982,Electronics,444.38
983,Mouse 983,Books,17.82
984,Tablet 984,Beauty,160.25
985,Mouse 985,Electronics,369.97
986,Speaker 986,Beauty,177.64
987,Keyboard 987,Electronics,21.27
988,Laptop 988,Beauty,16.59
989,Laptop 989,Beauty,77.97
990,Keyboard 990,Home,243.26
991,Headphones 991,Home,139.0
992,Mouse 992,Books,258.26
993,Camera 993,Beauty,39.6
994,Mouse 994,Fashion,366.3
995,Mouse 995,Home,30.92
996,Laptop 996,Home,396.25
997,Smartphone 997,Electronics,201.73
998,Speaker 998,Books,474.19
999,Tablet 999,Books,250.35
1000,Camera 1000,Beauty,192.94
